longitude,latitude,track_fid,track_seg_id,track_seg_point_id,ele,time,magvar,geoidheight,name,cmt,desc,src,link1_href,link1_text,link1_type,link2_href,link2_text,link2_type,sym,type,fix,sat,hdop,vdop,pdop,ageofdgpsdata,dgpsid,gpxtpx_TrackPointExtension
-77.064672,38.890465,0,0,0,37.8,,,,,,,,,,,,,,,,,,,,,,,        
-77.064598,38.890498,0,0,1,1,,,,,,,,,,,,,,,,,,,,,,,        
-77.06454,38.89042,0,0,2,1.1,,,,,,,,,,,,,,,,,,,,,,,        
-77.064293,38.890178,0,0,3,1.7,,,,,,,,,,,,,,,,,,,,,,,        
-77.064163,38.890068,0,0,4,2.2,,,,,,,,,,,,,,,,,,,,,,,        
-77.063805,38.889835,0,0,5,3.4,,,,,,,,,,,,,,,,,,,,,,,        
-77.063681,38.889779,0,0,6,3.8,,,,,,,,,,,,,,,,,,,,,,,        
-77.063232,38.889665,0,0,7,3.5,,,,,,,,,,,,,,,,,,,,,,,        
-77.062769,38.889539,0,0,8,3.2,,,,,,,,,,,,,,,,,,,,,,,        
-77.062543,38.889512,0,0,9,3.1,,,,,,,,,,,,,,,,,,,,,,,        
-77.062229,38.889491,0,0,10,2.8,,,,,,,,,,,,,,,,,,,,,,,        
-77.061892,38.889437,0,0,11,2.4,,,,,,,,,,,,,,,,,,,,,,,        
-77.06162,38.889346,0,0,12,2.1,,,,,,,,,,,,,,,,,,,,,,,        
-77.061376,38.889229,0,0,13,1.8,,,,,,,,,,,,,,,,,,,,,,,        
-77.061133,38.889063,0,0,14,1.4,,,,,,,,,,,,,,,,,,,,,,,        
-77.060598,38.888546,0,0,15,2,,,,,,,,,,,,,,,,,,,,,,,        
-77.060435,38.888418,0,0,16,2.2,,,,,,,,,,,,,,,,,,,,,,,        
-77.059818,38.887941,0,0,17,1.4,,,,,,,,,,,,,,,,,,,,,,,        
-77.059662,38.887808,0,0,18,0.9,,,,,,,,,,,,,,,,,,,,,,,        
-77.059333,38.887475,0,0,19,1.1,,,,,,,,,,,,,,,,,,,,,,,        
-77.059146,38.887215,0,0,20,1.6,,,,,,,,,,,,,,,,,,,,,,,        
-77.059073,38.88709,0,0,21,1.8,,,,,,,,,,,,,,,,,,,,,,,        
-77.058988,38.886937,0,0,22,2,,,,,,,,,,,,,,,,,,,,,,,        
-77.058855,38.886521,0,0,23,2.3,,,,,,,,,,,,,,,,,,,,,,,        
-77.058738,38.886307,0,0,24,2.1,,,,,,,,,,,,,,,,,,,,,,,        
-77.058595,38.886063,0,0,25,1.8,,,,,,,,,,,,,,,,,,,,,,,        
-77.058491,38.885902,0,0,26,1.5,,,,,,,,,,,,,,,,,,,,,,,        
-77.058223,38.885581,0,0,27,0.9,,,,,,,,,,,,,,,,,,,,,,,        
-77.057827,38.885079,0,0,28,1.8,,,,,,,,,,,,,,,,,,,,,,,        
-77.057624,38.884759,0,0,29,2.3,,,,,,,,,,,,,,,,,,,,,,,        
-77.057507,38.884611,0,0,30,2.3,,,,,,,,,,,,,,,,,,,,,,,        
-77.057339,38.884466,0,0,31,2.3,,,,,,,,,,,,,,,,,,,,,,,        
-77.057114,38.884316,0,0,32,2.2,,,,,,,,,,,,,,,,,,,,,,,        
-77.056995,38.884204,0,0,33,2.4,,,,,,,,,,,,,,,,,,,,,,,        
-77.056852,38.884032,0,0,34,2.8,,,,,,,,,,,,,,,,,,,,,,,        
-77.056621,38.883773,0,0,35,3.5,,,,,,,,,,,,,,,,,,,,,,,        
-77.056477,38.883613,0,0,36,3.7,,,,,,,,,,,,,,,,,,,,,,,        
-77.056382,38.883491,0,0,37,3.7,,,,,,,,,,,,,,,,,,,,,,,        
-77.056216,38.883345,0,0,38,3.6,,,,,,,,,,,,,,,,,,,,,,,        
-77.055558,38.882688,0,0,39,4.8,,,,,,,,,,,,,,,,,,,,,,,        
-77.055238,38.882443,0,0,40,5.2,,,,,,,,,,,,,,,,,,,,,,,        
-77.054826,38.882185,0,0,41,3.8,,,,,,,,,,,,,,,,,,,,,,,        
-77.054586,38.881891,0,0,42,3.9,,,,,,,,,,,,,,,,,,,,,,,        
-77.054436,38.88181,0,0,43,4.1,,,,,,,,,,,,,,,,,,,,,,,        
-77.054074,38.881654,0,0,44,4.8,,,,,,,,,,,,,,,,,,,,,,,        
-77.053657,38.881272,0,0,45,4.5,,,,,,,,,,,,,,,,,,,,,,,        
-77.053533,38.881178,0,0,46,3.9,,,,,,,,,,,,,,,,,,,,,,,        
-77.052655,38.880626,0,0,47,3.4,,,,,,,,,,,,,,,,,,,,,,,        
-77.051914,38.88019,0,0,48,2.4,,,,,,,,,,,,,,,,,,,,,,,        
-77.051545,38.880027,0,0,49,1.9,,,,,,,,,,,,,,,,,,,,,,,        
-77.051054,38.87975,0,0,50,2.1,,,,,,,,,,,,,,,,,,,,,,,        
-77.050646,38.879441,0,0,51,2,,,,,,,,,,,,,,,,,,,,,,,        
-77.049948,38.878827,0,0,52,1.6,,,,,,,,,,,,,,,,,,,,,,,        
-77.049114,38.87814,0,0,53,1.8,,,,,,,,,,,,,,,,,,,,,,,        
-77.048245,38.877489,0,0,54,2.3,,,,,,,,,,,,,,,,,,,,,,,        
-77.048153,38.87741,0,0,55,2.4,,,,,,,,,,,,,,,,,,,,,,,        
-77.048139,38.877376,0,0,56,2.4,,,,,,,,,,,,,,,,,,,,,,,        
-77.048132,38.877343,0,0,57,2.5,,,,,,,,,,,,,,,,,,,,,,,        
-77.04812,38.877252,0,0,58,2.7,,,,,,,,,,,,,,,,,,,,,,,        
-77.048095,38.877071,0,0,59,2.9,,,,,,,,,,,,,,,,,,,,,,,        
-77.048005,38.876832,0,0,60,2.4,,,,,,,,,,,,,,,,,,,,,,,        
-77.047737,38.87641,0,0,61,1.4,,,,,,,,,,,,,,,,,,,,,,,        
-77.047471,38.876,0,0,62,0.7,,,,,,,,,,,,,,,,,,,,,,,        
-77.047262,38.875752,0,0,63,0.8,,,,,,,,,,,,,,,,,,,,,,,        
-77.046664,38.875081,0,0,64,2.2,,,,,,,,,,,,,,,,,,,,,,,        
-77.046523,38.874955,0,0,65,2.4,,,,,,,,,,,,,,,,,,,,,,,        
-77.046355,38.874857,0,0,66,2.4,,,,,,,,,,,,,,,,,,,,,,,        
-77.046186,38.874789,0,0,67,2.6,,,,,,,,,,,,,,,,,,,,,,,        
-77.046001,38.874722,0,0,68,2.8,,,,,,,,,,,,,,,,,,,,,,,        
-77.04586,38.874673,0,0,69,3,,,,,,,,,,,,,,,,,,,,,,,        
-77.045735,38.874634,0,0,70,3.2,,,,,,,,,,,,,,,,,,,,,,,        
-77.045678,38.874626,0,0,71,3.1,,,,,,,,,,,,,,,,,,,,,,,        
-77.045598,38.874631,0,0,72,3,,,,,,,,,,,,,,,,,,,,,,,        
-77.045498,38.874647,0,0,73,2.9,,,,,,,,,,,,,,,,,,,,,,,        
-77.045412,38.874665,0,0,74,2.7,,,,,,,,,,,,,,,,,,,,,,,        
-77.045338,38.874667,0,0,75,2.7,,,,,,,,,,,,,,,,,,,,,,,        
-77.045272,38.87466,0,0,76,2.6,,,,,,,,,,,,,,,,,,,,,,,        
-77.045135,38.874621,0,0,77,2.6,,,,,,,,,,,,,,,,,,,,,,,        
-77.044267,38.874338,0,0,78,2.9,,,,,,,,,,,,,,,,,,,,,,,        
-77.043925,38.874189,0,0,79,2.6,,,,,,,,,,,,,,,,,,,,,,,        
-77.043791,38.874104,0,0,80,2.5,,,,,,,,,,,,,,,,,,,,,,,        
-77.043584,38.873949,0,0,81,2.1,,,,,,,,,,,,,,,,,,,,,,,        
-77.043511,38.873891,0,0,82,2,,,,,,,,,,,,,,,,,,,,,,,        
-77.043381,38.873782,0,0,83,1.8,,,,,,,,,,,,,,,,,,,,,,,        
-77.043248,38.873651,0,0,84,1.7,,,,,,,,,,,,,,,,,,,,,,,        
-77.041562,38.871896,0,0,85,1.3,,,,,,,,,,,,,,,,,,,,,,,        
-77.041287,38.871681,0,0,86,1.1,,,,,,,,,,,,,,,,,,,,,,,        
-77.040878,38.871435,0,0,87,0.6,,,,,,,,,,,,,,,,,,,,,,,        
-77.040703,38.871307,0,0,88,0.4,,,,,,,,,,,,,,,,,,,,,,,        
-77.040703,38.871307,0,0,89,0.4,,,,,,,,,,,,,,,,,,,,,,,        
-77.040671,38.871332,0,0,90,8.8,,,,,,,,,,,,,,,,,,,,,,,        
-77.040583,38.871249,0,0,91,8.8,,,,,,,,,,,,,,,,,,,,,,,        
-77.040547,38.8712,0,0,92,8.8,,,,,,,,,,,,,,,,,,,,,,,        
-77.040431,38.871017,0,0,93,8.4,,,,,,,,,,,,,,,,,,,,,,,        
-77.040342,38.87088,0,0,94,7.8,,,,,,,,,,,,,,,,,,,,,,,        
-77.040265,38.870726,0,0,95,7.8,,,,,,,,,,,,,,,,,,,,,,,        
-77.040232,38.870676,0,0,96,7.8,,,,,,,,,,,,,,,,,,,,,,,        
-77.039969,38.870345,0,0,97,8.6,,,,,,,,,,,,,,,,,,,,,,,        
-77.03969,38.869981,0,0,98,8.6,,,,,,,,,,,,,,,,,,,,,,,        
-77.039516,38.869738,0,0,99,8.6,,,,,,,,,,,,,,,,,,,,,,,        
-77.039458,38.869632,0,0,100,8.8,,,,,,,,,,,,,,,,,,,,,,,        
-77.03937,38.869469,0,0,101,9,,,,,,,,,,,,,,,,,,,,,,,        
-77.039213,38.869127,0,0,102,9,,,,,,,,,,,,,,,,,,,,,,,        
-77.039176,38.869009,0,0,103,9.4,,,,,,,,,,,,,,,,,,,,,,,        
-77.038942,38.868542,0,0,104,9.6,,,,,,,,,,,,,,,,,,,,,,,        
-77.03868,38.868007,0,0,105,9.4,,,,,,,,,,,,,,,,,,,,,,,        
-77.038482,38.867463,0,0,106,9.6,,,,,,,,,,,,,,,,,,,,,,,        
-77.038299,38.867058,0,0,107,9.4,,,,,,,,,,,,,,,,,,,,,,,        
-77.038129,38.866582,0,0,108,9.4,,,,,,,,,,,,,,,,,,,,,,,        
-77.03806,38.866282,0,0,109,9.2,,,,,,,,,,,,,,,,,,,,,,,        
-77.038029,38.866101,0,0,110,9.2,,,,,,,,,,,,,,,,,,,,,,,        
-77.038026,38.866039,0,0,111,9.2,,,,,,,,,,,,,,,,,,,,,,,        
-77.038056,38.865858,0,0,112,9,,,,,,,,,,,,,,,,,,,,,,,        
-77.038078,38.865801,0,0,113,9,,,,,,,,,,,,,,,,,,,,,,,        
-77.03819,38.865586,0,0,114,9.2,,,,,,,,,,,,,,,,,,,,,,,        
-77.03827,38.865493,0,0,115,9.4,,,,,,,,,,,,,,,,,,,,,,,        
-77.038507,38.865307,0,0,116,10,,,,,,,,,,,,,,,,,,,,,,,        
-77.038555,38.865277,0,0,117,10.2,,,,,,,,,,,,,,,,,,,,,,,        
-77.03869,38.865188,0,0,118,10.6,,,,,,,,,,,,,,,,,,,,,,,        
-77.03884,38.865114,0,0,119,11,,,,,,,,,,,,,,,,,,,,,,,        
-77.038937,38.865065,0,0,120,11.2,,,,,,,,,,,,,,,,,,,,,,,        
-77.039102,38.865006,0,0,121,11.4,,,,,,,,,,,,,,,,,,,,,,,        
-77.039236,38.864994,0,0,122,11.4,,,,,,,,,,,,,,,,,,,,,,,        
-77.039492,38.864992,0,0,123,11.4,,,,,,,,,,,,,,,,,,,,,,,        
-77.03974,38.865007,0,0,124,11.6,,,,,,,,,,,,,,,,,,,,,,,        
-77.039794,38.865006,0,0,125,11.6,,,,,,,,,,,,,,,,,,,,,,,        
-77.039942,38.865008,0,0,126,11.6,,,,,,,,,,,,,,,,,,,,,,,        
-77.040171,38.865039,0,0,127,11.2,,,,,,,,,,,,,,,,,,,,,,,        
-77.040298,38.865065,0,0,128,10.8,,,,,,,,,,,,,,,,,,,,,,,        
-77.04062,38.865128,0,0,129,10,,,,,,,,,,,,,,,,,,,,,,,        
-77.040689,38.865138,0,0,130,9.8,,,,,,,,,,,,,,,,,,,,,,,        
-77.040761,38.86514,0,0,131,9.8,,,,,,,,,,,,,,,,,,,,,,,        
-77.040831,38.865132,0,0,132,9.6,,,,,,,,,,,,,,,,,,,,,,,        
-77.04096,38.865085,0,0,133,9.2,,,,,,,,,,,,,,,,,,,,,,,        
-77.041014,38.865045,0,0,134,9,,,,,,,,,,,,,,,,,,,,,,,        
-77.04115,38.864904,0,0,135,8.6,,,,,,,,,,,,,,,,,,,,,,,        
-77.04148,38.864558,0,0,136,7.8,,,,,,,,,,,,,,,,,,,,,,,        
-77.041528,38.864506,0,0,137,7.8,,,,,,,,,,,,,,,,,,,,,,,        
-77.041805,38.86424,0,0,138,7.8,,,,,,,,,,,,,,,,,,,,,,,        
-77.041947,38.864151,0,0,139,8.2,,,,,,,,,,,,,,,,,,,,,,,        
-77.042264,38.863987,0,0,140,8.4,,,,,,,,,,,,,,,,,,,,,,,        
-77.042435,38.863832,0,0,141,9,,,,,,,,,,,,,,,,,,,,,,,        
-77.042477,38.863791,0,0,142,9.2,,,,,,,,,,,,,,,,,,,,,,,        
-77.042873,38.863435,0,0,143,9.8,,,,,,,,,,,,,,,,,,,,,,,        
-77.042979,38.863328,0,0,144,10,,,,,,,,,,,,,,,,,,,,,,,        
-77.043045,38.863266,0,0,145,10.6,,,,,,,,,,,,,,,,,,,,,,,        
-77.043189,38.863137,0,0,146,11.2,,,,,,,,,,,,,,,,,,,,,,,        
-77.043225,38.863103,0,0,147,12.4,,,,,,,,,,,,,,,,,,,,,,,        
-77.043306,38.863035,0,0,148,13.2,,,,,,,,,,,,,,,,,,,,,,,        
-77.043463,38.862904,0,0,149,10.6,,,,,,,,,,,,,,,,,,,,,,,        
-77.043571,38.862827,0,0,150,9.6,,,,,,,,,,,,,,,,,,,,,,,        
-77.043601,38.862807,0,0,151,9.4,,,,,,,,,,,,,,,,,,,,,,,        
-77.043792,38.862667,0,0,152,8.6,,,,,,,,,,,,,,,,,,,,,,,        
-77.043828,38.862631,0,0,153,8.4,,,,,,,,,,,,,,,,,,,,,,,        
-77.043863,38.862594,0,0,154,8.4,,,,,,,,,,,,,,,,,,,,,,,        
-77.044,38.862439,0,0,155,8,,,,,,,,,,,,,,,,,,,,,,,        
-77.044111,38.862324,0,0,156,8,,,,,,,,,,,,,,,,,,,,,,,        
-77.044422,38.861999,0,0,157,9,,,,,,,,,,,,,,,,,,,,,,,        
-77.044718,38.861608,0,0,158,8.8,,,,,,,,,,,,,,,,,,,,,,,        
-77.044792,38.861474,0,0,159,8.8,,,,,,,,,,,,,,,,,,,,,,,        
-77.044898,38.861285,0,0,160,9.2,,,,,,,,,,,,,,,,,,,,,,,        
-77.044961,38.861175,0,0,161,9.4,,,,,,,,,,,,,,,,,,,,,,,        
-77.045029,38.861062,0,0,162,9.6,,,,,,,,,,,,,,,,,,,,,,,        
-77.045199,38.860773,0,0,163,9.8,,,,,,,,,,,,,,,,,,,,,,,        
-77.045212,38.860728,0,0,164,9.8,,,,,,,,,,,,,,,,,,,,,,,        
-77.045222,38.860673,0,0,165,9.8,,,,,,,,,,,,,,,,,,,,,,,        
-77.045266,38.860505,0,0,166,10,,,,,,,,,,,,,,,,,,,,,,,        
-77.045296,38.860429,0,0,167,10,,,,,,,,,,,,,,,,,,,,,,,        
-77.045359,38.860281,0,0,168,10.6,,,,,,,,,,,,,,,,,,,,,,,        
-77.045395,38.860177,0,0,169,11,,,,,,,,,,,,,,,,,,,,,,,        
-77.045447,38.860046,0,0,170,11.8,,,,,,,,,,,,,,,,,,,,,,,        
-77.045474,38.859981,0,0,171,12.2,,,,,,,,,,,,,,,,,,,,,,,        
-77.045524,38.859893,0,0,172,12.8,,,,,,,,,,,,,,,,,,,,,,,        
-77.045599,38.859819,0,0,173,13.2,,,,,,,,,,,,,,,,,,,,,,,        
-77.045737,38.859698,0,0,174,14,,,,,,,,,,,,,,,,,,,,,,,        
-77.04582,38.859627,0,0,175,14.6,,,,,,,,,,,,,,,,,,,,,,,        
-77.045921,38.859532,0,0,176,15,,,,,,,,,,,,,,,,,,,,,,,        
-77.04596,38.859464,0,0,177,15.2,,,,,,,,,,,,,,,,,,,,,,,        
-77.046037,38.859236,0,0,178,15.2,,,,,,,,,,,,,,,,,,,,,,,        
-77.046049,38.859183,0,0,179,15.2,,,,,,,,,,,,,,,,,,,,,,,        
-77.046124,38.858779,0,0,180,13.8,,,,,,,,,,,,,,,,,,,,,,,        
-77.046201,38.858588,0,0,181,12.8,,,,,,,,,,,,,,,,,,,,,,,        
-77.046306,38.858391,0,0,182,12.2,,,,,,,,,,,,,,,,,,,,,,,        
-77.04637,38.85827,0,0,183,12.2,,,,,,,,,,,,,,,,,,,,,,,        
-77.046399,38.858157,0,0,184,12.2,,,,,,,,,,,,,,,,,,,,,,,        
-77.046419,38.857993,0,0,185,13,,,,,,,,,,,,,,,,,,,,,,,        
-77.046438,38.85787,0,0,186,13.8,,,,,,,,,,,,,,,,,,,,,,,        
-77.046457,38.857831,0,0,187,14,,,,,,,,,,,,,,,,,,,,,,,        
-77.046554,38.857668,0,0,188,15,,,,,,,,,,,,,,,,,,,,,,,        
-77.046608,38.857488,0,0,189,15.2,,,,,,,,,,,,,,,,,,,,,,,        
-77.046636,38.857341,0,0,190,15.4,,,,,,,,,,,,,,,,,,,,,,,        
-77.04666,38.857127,0,0,191,15.6,,,,,,,,,,,,,,,,,,,,,,,        
-77.04669,38.856746,0,0,192,15.8,,,,,,,,,,,,,,,,,,,,,,,        
-77.046688,38.856699,0,0,193,16,,,,,,,,,,,,,,,,,,,,,,,        
-77.046681,38.856654,0,0,194,15.8,,,,,,,,,,,,,,,,,,,,,,,        
-77.046665,38.856609,0,0,195,15.8,,,,,,,,,,,,,,,,,,,,,,,        
-77.046608,38.856521,0,0,196,16,,,,,,,,,,,,,,,,,,,,,,,        
-77.04658,38.856475,0,0,197,16,,,,,,,,,,,,,,,,,,,,,,,        
-77.046464,38.856317,0,0,198,17.2,,,,,,,,,,,,,,,,,,,,,,,        
-77.046431,38.856276,0,0,199,17.4,,,,,,,,,,,,,,,,,,,,,,,        
-77.046406,38.856232,0,0,200,17.6,,,,,,,,,,,,,,,,,,,,,,,        
-77.046385,38.856188,0,0,201,17.8,,,,,,,,,,,,,,,,,,,,,,,        
-77.046352,38.8561,0,0,202,18.2,,,,,,,,,,,,,,,,,,,,,,,        
-77.046316,38.855963,0,0,203,18.4,,,,,,,,,,,,,,,,,,,,,,,        
-77.046307,38.855914,0,0,204,18.6,,,,,,,,,,,,,,,,,,,,,,,        
-77.046298,38.855761,0,0,205,19,,,,,,,,,,,,,,,,,,,,,,,        
-77.046302,38.85571,0,0,206,19,,,,,,,,,,,,,,,,,,,,,,,        
-77.046308,38.855655,0,0,207,18.8,,,,,,,,,,,,,,,,,,,,,,,        
-77.046332,38.855541,0,0,208,18.4,,,,,,,,,,,,,,,,,,,,,,,        
-77.046399,38.855356,0,0,209,18.2,,,,,,,,,,,,,,,,,,,,,,,        
-77.046493,38.855061,0,0,210,17.2,,,,,,,,,,,,,,,,,,,,,,,        
-77.046514,38.854991,0,0,211,16.8,,,,,,,,,,,,,,,,,,,,,,,        
-77.046556,38.854844,0,0,212,15.8,,,,,,,,,,,,,,,,,,,,,,,        
-77.046627,38.854603,0,0,213,15,,,,,,,,,,,,,,,,,,,,,,,        
-77.046644,38.854522,0,0,214,14.8,,,,,,,,,,,,,,,,,,,,,,,        
-77.046713,38.85412,0,0,215,13.6,,,,,,,,,,,,,,,,,,,,,,,        
-77.04673,38.85396,0,0,216,13.4,,,,,,,,,,,,,,,,,,,,,,,        
-77.046752,38.853362,0,0,217,13.2,,,,,,,,,,,,,,,,,,,,,,,        
-77.046775,38.852935,0,0,218,12.8,,,,,,,,,,,,,,,,,,,,,,,        
-77.046816,38.852795,0,0,219,13,,,,,,,,,,,,,,,,,,,,,,,        
-77.046925,38.852561,0,0,220,14.8,,,,,,,,,,,,,,,,,,,,,,,        
-77.04695,38.852514,0,0,221,15,,,,,,,,,,,,,,,,,,,,,,,        
-77.047011,38.852384,0,0,222,15.8,,,,,,,,,,,,,,,,,,,,,,,        
-77.047068,38.852242,0,0,223,16.8,,,,,,,,,,,,,,,,,,,,,,,        
-77.047087,38.852192,0,0,224,17,,,,,,,,,,,,,,,,,,,,,,,        
-77.047166,38.851877,0,0,225,17.6,,,,,,,,,,,,,,,,,,,,,,,        
-77.047173,38.851722,0,0,226,18,,,,,,,,,,,,,,,,,,,,,,,        
-77.047169,38.851689,0,0,227,18.2,,,,,,,,,,,,,,,,,,,,,,,        
-77.047163,38.851656,0,0,228,18.6,,,,,,,,,,,,,,,,,,,,,,,        
-77.047165,38.851483,0,0,229,19,,,,,,,,,,,,,,,,,,,,,,,        
-77.047174,38.85144,0,0,230,19,,,,,,,,,,,,,,,,,,,,,,,        
-77.047229,38.85125,0,0,231,18.6,,,,,,,,,,,,,,,,,,,,,,,        
-77.04733,38.850949,0,0,232,17.8,,,,,,,,,,,,,,,,,,,,,,,        
-77.047365,38.850897,0,0,233,17.4,,,,,,,,,,,,,,,,,,,,,,,        
-77.047406,38.85084,0,0,234,16.8,,,,,,,,,,,,,,,,,,,,,,,        
-77.047492,38.850712,0,0,235,15.6,,,,,,,,,,,,,,,,,,,,,,,        
-77.047525,38.850647,0,0,236,15.2,,,,,,,,,,,,,,,,,,,,,,,        
-77.047649,38.850253,0,0,237,14.8,,,,,,,,,,,,,,,,,,,,,,,        
-77.047781,38.849728,0,0,238,16,,,,,,,,,,,,,,,,,,,,,,,        
-77.04791,38.849242,0,0,239,14.8,,,,,,,,,,,,,,,,,,,,,,,        
-77.047978,38.849047,0,0,240,14.6,,,,,,,,,,,,,,,,,,,,,,,        
-77.04797,38.848952,0,0,241,14.2,,,,,,,,,,,,,,,,,,,,,,,        
-77.047959,38.848795,0,0,242,12.8,,,,,,,,,,,,,,,,,,,,,,,        
-77.047907,38.848587,0,0,243,11.8,,,,,,,,,,,,,,,,,,,,,,,        
-77.047898,38.848515,0,0,244,11.6,,,,,,,,,,,,,,,,,,,,,,,        
-77.04791,38.848244,0,0,245,11.2,,,,,,,,,,,,,,,,,,,,,,,        
-77.04794,38.848001,0,0,246,11,,,,,,,,,,,,,,,,,,,,,,,        
-77.047969,38.847942,0,0,247,11,,,,,,,,,,,,,,,,,,,,,,,        
-77.048006,38.847886,0,0,248,10.8,,,,,,,,,,,,,,,,,,,,,,,        
-77.04816,38.847701,0,0,249,11,,,,,,,,,,,,,,,,,,,,,,,        
-77.048198,38.847666,0,0,250,11.2,,,,,,,,,,,,,,,,,,,,,,,        
-77.048407,38.847421,0,0,251,11.2,,,,,,,,,,,,,,,,,,,,,,,        
-77.048575,38.847104,0,0,252,10.4,,,,,,,,,,,,,,,,,,,,,,,        
-77.048595,38.847038,0,0,253,10.4,,,,,,,,,,,,,,,,,,,,,,,        
-77.048642,38.846836,0,0,254,11,,,,,,,,,,,,,,,,,,,,,,,        
-77.048609,38.846655,0,0,255,11.4,,,,,,,,,,,,,,,,,,,,,,,        
-77.04861,38.846597,0,0,256,11.2,,,,,,,,,,,,,,,,,,,,,,,        
-77.048653,38.846416,0,0,257,10.8,,,,,,,,,,,,,,,,,,,,,,,        
-77.048665,38.846289,0,0,258,10.4,,,,,,,,,,,,,,,,,,,,,,,        
-77.048705,38.84597,0,0,259,10,,,,,,,,,,,,,,,,,,,,,,,        
-77.048725,38.845915,0,0,260,9.8,,,,,,,,,,,,,,,,,,,,,,,        
-77.048751,38.845864,0,0,261,9.6,,,,,,,,,,,,,,,,,,,,,,,        
-77.04881,38.845756,0,0,262,9.2,,,,,,,,,,,,,,,,,,,,,,,        
-77.048837,38.845661,0,0,263,9,,,,,,,,,,,,,,,,,,,,,,,        
-77.048847,38.845606,0,0,264,9,,,,,,,,,,,,,,,,,,,,,,,        
-77.048872,38.845493,0,0,265,8.8,,,,,,,,,,,,,,,,,,,,,,,        
-77.048915,38.845168,0,0,266,9,,,,,,,,,,,,,,,,,,,,,,,        
-77.048913,38.844702,0,0,267,8,,,,,,,,,,,,,,,,,,,,,,,        
-77.048911,38.844489,0,0,268,7.6,,,,,,,,,,,,,,,,,,,,,,,        
-77.048907,38.844421,0,0,269,7.6,,,,,,,,,,,,,,,,,,,,,,,        
-77.048879,38.844228,0,0,270,7.6,,,,,,,,,,,,,,,,,,,,,,,        
-77.048756,38.843941,0,0,271,7.8,,,,,,,,,,,,,,,,,,,,,,,        
-77.048678,38.843513,0,0,272,7.8,,,,,,,,,,,,,,,,,,,,,,,        
-77.048672,38.843413,0,0,273,7.6,,,,,,,,,,,,,,,,,,,,,,,        
-77.048621,38.843305,0,0,274,7.4,,,,,,,,,,,,,,,,,,,,,,,        
-77.048479,38.842895,0,0,275,9,,,,,,,,,,,,,,,,,,,,,,,        
-77.048436,38.842778,0,0,276,10.2,,,,,,,,,,,,,,,,,,,,,,,        
-77.048325,38.842482,0,0,277,10.8,,,,,,,,,,,,,,,,,,,,,,,        
-77.048154,38.842099,0,0,278,10.2,,,,,,,,,,,,,,,,,,,,,,,        
-77.047971,38.841783,0,0,279,10,,,,,,,,,,,,,,,,,,,,,,,        
-77.047927,38.841693,0,0,280,9.8,,,,,,,,,,,,,,,,,,,,,,,        
-77.047861,38.841619,0,0,281,9.8,,,,,,,,,,,,,,,,,,,,,,,        
-77.047787,38.84156,0,0,282,9.6,,,,,,,,,,,,,,,,,,,,,,,        
-77.047759,38.841524,0,0,283,9.4,,,,,,,,,,,,,,,,,,,,,,,        
-77.047737,38.841481,0,0,284,9,,,,,,,,,,,,,,,,,,,,,,,        
-77.047733,38.841379,0,0,285,8,,,,,,,,,,,,,,,,,,,,,,,        
-77.047765,38.841341,0,0,286,7.6,,,,,,,,,,,,,,,,,,,,,,,        
-77.047819,38.84132,0,0,287,7.4,,,,,,,,,,,,,,,,,,,,,,,        
-77.047953,38.841301,0,0,288,6.8,,,,,,,,,,,,,,,,,,,,,,,        
-77.048244,38.841279,0,0,289,6.8,,,,,,,,,,,,,,,,,,,,,,,        
-77.048428,38.84128,0,0,290,6.8,,,,,,,,,,,,,,,,,,,,,,,        
-77.048694,38.84129,0,0,291,6.8,,,,,,,,,,,,,,,,,,,,,,,        
-77.048816,38.841291,0,0,292,7,,,,,,,,,,,,,,,,,,,,,,,        
-77.048864,38.841283,0,0,293,7.2,,,,,,,,,,,,,,,,,,,,,,,        
-77.048942,38.84128,0,0,294,7.6,,,,,,,,,,,,,,,,,,,,,,,        
-77.049048,38.841256,0,0,295,7.8,,,,,,,,,,,,,,,,,,,,,,,        
-77.049095,38.841309,0,0,296,7.8,,,,,,,,,,,,,,,,,,,,,,,        
-77.049187,38.841375,0,0,297,7.8,,,,,,,,,,,,,,,,,,,,,,,        
-77.049345,38.841513,0,0,298,7.8,,,,,,,,,,,,,,,,,,,,,,,        
-77.049568,38.841522,0,0,299,7.4,,,,,,,,,,,,,,,,,,,,,,,        
-77.049877,38.841337,0,0,300,7.8,,,,,,,,,,,,,,,,,,,,,,,        
-77.050186,38.841275,0,0,301,7.8,,,,,,,,,,,,,,,,,,,,,,,        
-77.050885,38.841162,0,0,302,7,,,,,,,,,,,,,,,,,,,,,,,        
-77.050956,38.841163,0,0,303,6.4,,,,,,,,,,,,,,,,,,,,,,,        
-77.051686,38.841126,0,0,304,5.8,,,,,,,,,,,,,,,,,,,,,,,        
-77.051839,38.84111,0,0,305,6.2,,,,,,,,,,,,,,,,,,,,,,,        
-77.051919,38.841107,0,0,306,6.4,,,,,,,,,,,,,,,,,,,,,,,        
-77.052082,38.84111,0,0,307,7,,,,,,,,,,,,,,,,,,,,,,,        
-77.052222,38.841099,0,0,308,7,,,,,,,,,,,,,,,,,,,,,,,        
-77.052341,38.841073,0,0,309,7,,,,,,,,,,,,,,,,,,,,,,,        
-77.052469,38.841049,0,0,310,7.2,,,,,,,,,,,,,,,,,,,,,,,        
-77.05288,38.841048,0,0,311,7.2,,,,,,,,,,,,,,,,,,,,,,,        
-77.053306,38.841037,0,0,312,6.8,,,,,,,,,,,,,,,,,,,,,,,        
-77.053402,38.841075,0,0,313,7.2,,,,,,,,,,,,,,,,,,,,,,,        
-77.053437,38.841106,0,0,314,7.4,,,,,,,,,,,,,,,,,,,,,,,        
-77.053473,38.84112,0,0,315,7.6,,,,,,,,,,,,,,,,,,,,,,,        
-77.053555,38.841131,0,0,316,8,,,,,,,,,,,,,,,,,,,,,,,        
-77.053637,38.841136,0,0,317,8.6,,,,,,,,,,,,,,,,,,,,,,,        
-77.053862,38.841135,0,0,318,9.4,,,,,,,,,,,,,,,,,,,,,,,        
-77.053965,38.841135,0,0,319,9.8,,,,,,,,,,,,,,,,,,,,,,,        
-77.054252,38.841141,0,0,320,10.4,,,,,,,,,,,,,,,,,,,,,,,        
-77.054495,38.841153,0,0,321,10.2,,,,,,,,,,,,,,,,,,,,,,,        
-77.054618,38.841175,0,0,322,10.2,,,,,,,,,,,,,,,,,,,,,,,        
-77.054681,38.84119,0,0,323,10.2,,,,,,,,,,,,,,,,,,,,,,,        
-77.055099,38.841304,0,0,324,9.2,,,,,,,,,,,,,,,,,,,,,,,        
-77.055152,38.841326,0,0,325,9.2,,,,,,,,,,,,,,,,,,,,,,,        
-77.055199,38.841357,0,0,326,9.2,,,,,,,,,,,,,,,,,,,,,,,        
-77.055296,38.841411,0,0,327,9.2,,,,,,,,,,,,,,,,,,,,,,,        
-77.055354,38.841427,0,0,328,9.2,,,,,,,,,,,,,,,,,,,,,,,        
-77.055538,38.84147,0,0,329,8.8,,,,,,,,,,,,,,,,,,,,,,,        
-77.055603,38.841491,0,0,330,8.6,,,,,,,,,,,,,,,,,,,,,,,        
-77.055672,38.841513,0,0,331,8.4,,,,,,,,,,,,,,,,,,,,,,,        
-77.056167,38.841708,0,0,332,7.8,,,,,,,,,,,,,,,,,,,,,,,        
-77.056645,38.841929,0,0,333,7.8,,,,,,,,,,,,,,,,,,,,,,,        
-77.056712,38.841958,0,0,334,7.8,,,,,,,,,,,,,,,,,,,,,,,        
-77.057098,38.842117,0,0,335,8,,,,,,,,,,,,,,,,,,,,,,,        
-77.057529,38.8423,0,0,336,8,,,,,,,,,,,,,,,,,,,,,,,        
-77.057963,38.842475,0,0,337,7.8,,,,,,,,,,,,,,,,,,,,,,,        
-77.058026,38.842498,0,0,338,8,,,,,,,,,,,,,,,,,,,,,,,        
-77.058158,38.842541,0,0,339,8.2,,,,,,,,,,,,,,,,,,,,,,,        
-77.05829,38.842599,0,0,340,8.4,,,,,,,,,,,,,,,,,,,,,,,        
-77.05836,38.842626,0,0,341,8.6,,,,,,,,,,,,,,,,,,,,,,,        
-77.058684,38.842748,0,0,342,9.2,,,,,,,,,,,,,,,,,,,,,,,        
-77.059084,38.842912,0,0,343,9.6,,,,,,,,,,,,,,,,,,,,,,,        
-77.059215,38.842975,0,0,344,9.8,,,,,,,,,,,,,,,,,,,,,,,        
-77.059584,38.843161,0,0,345,10.2,,,,,,,,,,,,,,,,,,,,,,,        
-77.059709,38.84323,0,0,346,10.2,,,,,,,,,,,,,,,,,,,,,,,        
-77.059948,38.843316,0,0,347,9.8,,,,,,,,,,,,,,,,,,,,,,,        
-77.060024,38.843355,0,0,348,9.8,,,,,,,,,,,,,,,,,,,,,,,        
-77.060321,38.843557,0,0,349,9.8,,,,,,,,,,,,,,,,,,,,,,,        
-77.060593,38.843714,0,0,350,9.4,,,,,,,,,,,,,,,,,,,,,,,        
-77.060966,38.843945,0,0,351,9,,,,,,,,,,,,,,,,,,,,,,,        
-77.06133,38.844167,0,0,352,9,,,,,,,,,,,,,,,,,,,,,,,        
-77.061732,38.844425,0,0,353,10.2,,,,,,,,,,,,,,,,,,,,,,,        
-77.062053,38.844699,0,0,354,10,,,,,,,,,,,,,,,,,,,,,,,        
-77.062158,38.844778,0,0,355,9.8,,,,,,,,,,,,,,,,,,,,,,,        
-77.062279,38.844836,0,0,356,9.8,,,,,,,,,,,,,,,,,,,,,,,        
-77.062521,38.844952,0,0,357,9.8,,,,,,,,,,,,,,,,,,,,,,,        
-77.06257,38.844991,0,0,358,9.8,,,,,,,,,,,,,,,,,,,,,,,        
-77.062771,38.845135,0,0,359,10,,,,,,,,,,,,,,,,,,,,,,,        
-77.062892,38.845176,0,0,360,10.2,,,,,,,,,,,,,,,,,,,,,,,        
-77.063092,38.845217,0,0,361,10.2,,,,,,,,,,,,,,,,,,,,,,,        
-77.063297,38.845282,0,0,362,10.2,,,,,,,,,,,,,,,,,,,,,,,        
-77.063433,38.845293,0,0,363,10.2,,,,,,,,,,,,,,,,,,,,,,,        
-77.063503,38.845286,0,0,364,10.2,,,,,,,,,,,,,,,,,,,,,,,        
-77.063573,38.845286,0,0,365,10.2,,,,,,,,,,,,,,,,,,,,,,,        
-77.063706,38.845304,0,0,366,10.4,,,,,,,,,,,,,,,,,,,,,,,        
-77.063771,38.845327,0,0,367,10.4,,,,,,,,,,,,,,,,,,,,,,,        
-77.063883,38.845382,0,0,368,10.6,,,,,,,,,,,,,,,,,,,,,,,        
-77.06398,38.845425,0,0,369,10.8,,,,,,,,,,,,,,,,,,,,,,,        
-77.064113,38.845398,0,0,370,11,,,,,,,,,,,,,,,,,,,,,,,        
-77.064144,38.84536,0,0,371,11,,,,,,,,,,,,,,,,,,,,,,,        
-77.064205,38.845269,0,0,372,10.8,,,,,,,,,,,,,,,,,,,,,,,        
-77.064236,38.845228,0,0,373,10.4,,,,,,,,,,,,,,,,,,,,,,,        
-77.064281,38.845123,0,0,374,9.6,,,,,,,,,,,,,,,,,,,,,,,        
-77.064314,38.845072,0,0,375,9.2,,,,,,,,,,,,,,,,,,,,,,,        
-77.064365,38.845038,0,0,376,8.6,,,,,,,,,,,,,,,,,,,,,,,        
-77.064509,38.844999,0,0,377,7.6,,,,,,,,,,,,,,,,,,,,,,,        
-77.064671,38.844966,0,0,378,6.8,,,,,,,,,,,,,,,,,,,,,,,        
-77.064948,38.844895,0,0,379,6.8,,,,,,,,,,,,,,,,,,,,,,,        
-77.065282,38.844713,0,0,380,7.2,,,,,,,,,,,,,,,,,,,,,,,        
-77.065704,38.844488,0,0,381,8.6,,,,,,,,,,,,,,,,,,,,,,,        
-77.065806,38.844446,0,0,382,9.2,,,,,,,,,,,,,,,,,,,,,,,        
-77.065969,38.844405,0,0,383,9.4,,,,,,,,,,,,,,,,,,,,,,,        
-77.066025,38.844397,0,0,384,9.6,,,,,,,,,,,,,,,,,,,,,,,        
-77.066083,38.844387,0,0,385,9.8,,,,,,,,,,,,,,,,,,,,,,,        
-77.066498,38.844298,0,0,386,10.2,,,,,,,,,,,,,,,,,,,,,,,        
-77.067015,38.844168,0,0,387,10.2,,,,,,,,,,,,,,,,,,,,,,,        
-77.067412,38.844102,0,0,388,10.4,,,,,,,,,,,,,,,,,,,,,,,        
-77.067549,38.844087,0,0,389,10.4,,,,,,,,,,,,,,,,,,,,,,,        
-77.067618,38.844082,0,0,390,10.4,,,,,,,,,,,,,,,,,,,,,,,        
-77.068111,38.844066,0,0,391,10.2,,,,,,,,,,,,,,,,,,,,,,,        
-77.068605,38.844089,0,0,392,10.4,,,,,,,,,,,,,,,,,,,,,,,        
-77.068883,38.844132,0,0,393,10.4,,,,,,,,,,,,,,,,,,,,,,,        
-77.069025,38.844151,0,0,394,10.4,,,,,,,,,,,,,,,,,,,,,,,        
-77.069517,38.844233,0,0,395,10.8,,,,,,,,,,,,,,,,,,,,,,,        
-77.069656,38.844251,0,0,396,10.6,,,,,,,,,,,,,,,,,,,,,,,        
-77.070001,38.844314,0,0,397,10,,,,,,,,,,,,,,,,,,,,,,,        
-77.07006,38.844328,0,0,398,10,,,,,,,,,,,,,,,,,,,,,,,        
-77.070151,38.844383,0,0,399,10.4,,,,,,,,,,,,,,,,,,,,,,,        
-77.070197,38.844455,0,0,400,10.4,,,,,,,,,,,,,,,,,,,,,,,        
-77.070231,38.844517,0,0,401,10.8,,,,,,,,,,,,,,,,,,,,,,,        
-77.070259,38.844535,0,0,402,10.8,,,,,,,,,,,,,,,,,,,,,,,        
-77.070331,38.844548,0,0,403,11.2,,,,,,,,,,,,,,,,,,,,,,,        
-77.070501,38.844523,0,0,404,12,,,,,,,,,,,,,,,,,,,,,,,        
-77.070548,38.844512,0,0,405,12.2,,,,,,,,,,,,,,,,,,,,,,,        
-77.070953,38.844438,0,0,406,13,,,,,,,,,,,,,,,,,,,,,,,        
-77.071462,38.844337,0,0,407,12.6,,,,,,,,,,,,,,,,,,,,,,,        
-77.071629,38.844306,0,0,408,12,,,,,,,,,,,,,,,,,,,,,,,        
-77.071749,38.844276,0,0,409,12,,,,,,,,,,,,,,,,,,,,,,,        
-77.072043,38.844234,0,0,410,12,,,,,,,,,,,,,,,,,,,,,,,        
-77.072329,38.844189,0,0,411,11,,,,,,,,,,,,,,,,,,,,,,,        
-77.072471,38.84415,0,0,412,10.8,,,,,,,,,,,,,,,,,,,,,,,        
-77.072602,38.844107,0,0,413,10.8,,,,,,,,,,,,,,,,,,,,,,,        
-77.072821,38.844065,0,0,414,10.8,,,,,,,,,,,,,,,,,,,,,,,        
-77.073564,38.843977,0,0,415,11.6,,,,,,,,,,,,,,,,,,,,,,,        
-77.074007,38.843931,0,0,416,11.6,,,,,,,,,,,,,,,,,,,,,,,        
-77.074449,38.843886,0,0,417,11.2,,,,,,,,,,,,,,,,,,,,,,,        
-77.074733,38.843858,0,0,418,11.4,,,,,,,,,,,,,,,,,,,,,,,        
-77.074947,38.843846,0,0,419,11.6,,,,,,,,,,,,,,,,,,,,,,,        
-77.075355,38.843819,0,0,420,12,,,,,,,,,,,,,,,,,,,,,,,        
-77.076006,38.843774,0,0,421,12.6,,,,,,,,,,,,,,,,,,,,,,,        
-77.076083,38.843758,0,0,422,12.8,,,,,,,,,,,,,,,,,,,,,,,        
-77.076106,38.843737,0,0,423,13,,,,,,,,,,,,,,,,,,,,,,,        
-77.07613,38.843715,0,0,424,13,,,,,,,,,,,,,,,,,,,,,,,        
-77.076159,38.843696,0,0,425,13.2,,,,,,,,,,,,,,,,,,,,,,,        
-77.076226,38.843689,0,0,426,13.6,,,,,,,,,,,,,,,,,,,,,,,        
-77.076436,38.843699,0,0,427,13.6,,,,,,,,,,,,,,,,,,,,,,,        
-77.076847,38.843752,0,0,428,12.8,,,,,,,,,,,,,,,,,,,,,,,        
-77.077029,38.843769,0,0,429,12.6,,,,,,,,,,,,,,,,,,,,,,,        
-77.077305,38.843814,0,0,430,12.2,,,,,,,,,,,,,,,,,,,,,,,        
-77.077557,38.843875,0,0,431,12.2,,,,,,,,,,,,,,,,,,,,,,,        
-77.077641,38.84389,0,0,432,12,,,,,,,,,,,,,,,,,,,,,,,        
-77.07772,38.843902,0,0,433,12,,,,,,,,,,,,,,,,,,,,,,,        
-77.077941,38.843914,0,0,434,12.2,,,,,,,,,,,,,,,,,,,,,,,        
-77.078009,38.843903,0,0,435,12.4,,,,,,,,,,,,,,,,,,,,,,,        
-77.078369,38.843815,0,0,436,13.2,,,,,,,,,,,,,,,,,,,,,,,        
-77.078698,38.843724,0,0,437,13.8,,,,,,,,,,,,,,,,,,,,,,,        
-77.078811,38.843699,0,0,438,13.8,,,,,,,,,,,,,,,,,,,,,,,        
-77.07928,38.843588,0,0,439,14,,,,,,,,,,,,,,,,,,,,,,,        
-77.079401,38.843557,0,0,440,14.8,,,,,,,,,,,,,,,,,,,,,,,        
-77.079462,38.843541,0,0,441,16,,,,,,,,,,,,,,,,,,,,,,,        
-77.079525,38.843525,0,0,442,16.8,,,,,,,,,,,,,,,,,,,,,,,        
-77.079589,38.843507,0,0,443,18.2,,,,,,,,,,,,,,,,,,,,,,,        
-77.079845,38.843454,0,0,444,17.4,,,,,,,,,,,,,,,,,,,,,,,        
-77.079908,38.843447,0,0,445,16.2,,,,,,,,,,,,,,,,,,,,,,,        
-77.08009,38.843431,0,0,446,17.6,,,,,,,,,,,,,,,,,,,,,,,        
-77.080201,38.843416,0,0,447,18.8,,,,,,,,,,,,,,,,,,,,,,,        
-77.080255,38.843405,0,0,448,19,,,,,,,,,,,,,,,,,,,,,,,        
-77.080414,38.843366,0,0,449,17.2,,,,,,,,,,,,,,,,,,,,,,,        
-77.080528,38.843341,0,0,450,15.8,,,,,,,,,,,,,,,,,,,,,,,        
-77.080639,38.84331,0,0,451,14.4,,,,,,,,,,,,,,,,,,,,,,,        
-77.080748,38.843272,0,0,452,13,,,,,,,,,,,,,,,,,,,,,,,        
-77.080925,38.84322,0,0,453,12,,,,,,,,,,,,,,,,,,,,,,,        
-77.080986,38.843202,0,0,454,12.2,,,,,,,,,,,,,,,,,,,,,,,        
-77.081187,38.843158,0,0,455,13.8,,,,,,,,,,,,,,,,,,,,,,,        
-77.081331,38.843142,0,0,456,15.2,,,,,,,,,,,,,,,,,,,,,,,        
-77.081406,38.84314,0,0,457,15.8,,,,,,,,,,,,,,,,,,,,,,,        
-77.08148,38.843142,0,0,458,16.2,,,,,,,,,,,,,,,,,,,,,,,        
-77.081901,38.843178,0,0,459,15.2,,,,,,,,,,,,,,,,,,,,,,,        
-77.082048,38.843219,0,0,460,14.8,,,,,,,,,,,,,,,,,,,,,,,        
-77.082311,38.843261,0,0,461,15,,,,,,,,,,,,,,,,,,,,,,,        
-77.082353,38.843224,0,0,462,15.2,,,,,,,,,,,,,,,,,,,,,,,        
-77.082949,38.843143,0,0,463,14,,,,,,,,,,,,,,,,,,,,,,,        
-77.083243,38.843347,0,0,464,14.6,,,,,,,,,,,,,,,,,,,,,,,        
-77.083313,38.843366,0,0,465,14.6,,,,,,,,,,,,,,,,,,,,,,,        
-77.083472,38.843402,0,0,466,15,,,,,,,,,,,,,,,,,,,,,,,        
-77.083525,38.843408,0,0,467,15.6,,,,,,,,,,,,,,,,,,,,,,,        
-77.083577,38.843411,0,0,468,16,,,,,,,,,,,,,,,,,,,,,,,        
-77.083679,38.843434,0,0,469,16.6,,,,,,,,,,,,,,,,,,,,,,,        
-77.083937,38.843512,0,0,470,17.2,,,,,,,,,,,,,,,,,,,,,,,        
-77.083991,38.843525,0,0,471,17.2,,,,,,,,,,,,,,,,,,,,,,,        
-77.084293,38.843567,0,0,472,17.2,,,,,,,,,,,,,,,,,,,,,,,        
-77.084533,38.843574,0,0,473,17.2,,,,,,,,,,,,,,,,,,,,,,,        
-77.084722,38.843566,0,0,474,17.2,,,,,,,,,,,,,,,,,,,,,,,        
-77.084956,38.843542,0,0,475,17.4,,,,,,,,,,,,,,,,,,,,,,,        
-77.085066,38.84353,0,0,476,17.6,,,,,,,,,,,,,,,,,,,,,,,        
-77.085116,38.843524,0,0,477,17.8,,,,,,,,,,,,,,,,,,,,,,,        
-77.08548,38.843463,0,0,478,18,,,,,,,,,,,,,,,,,,,,,,,        
-77.085523,38.843466,0,0,479,18,,,,,,,,,,,,,,,,,,,,,,,        
-77.085558,38.843479,0,0,480,18,,,,,,,,,,,,,,,,,,,,,,,        
-77.085586,38.843536,0,0,481,18.2,,,,,,,,,,,,,,,,,,,,,,,        
-77.085562,38.843736,0,0,482,18.2,,,,,,,,,,,,,,,,,,,,,,,        
-77.085545,38.843966,0,0,483,18.8,,,,,,,,,,,,,,,,,,,,,,,        
-77.085543,38.844,0,0,484,18.8,,,,,,,,,,,,,,,,,,,,,,,        
-77.085553,38.844121,0,0,485,18.8,,,,,,,,,,,,,,,,,,,,,,,        
-77.085556,38.844124,0,0,486,19,,,,,,,,,,,,,,,,,,,,,,,        
-77.085556,38.844124,0,0,487,19,,,,,,,,,,,,,,,,,,,,,,,        
-77.085556,38.844124,0,0,488,19,,,,,,,,,,,,,,,,,,,,,,,        
-77.085562,38.84412,0,0,489,18.8,,,,,,,,,,,,,,,,,,,,,,,        
-77.085656,38.844142,0,0,490,18.8,,,,,,,,,,,,,,,,,,,,,,,        
-77.085838,38.844218,0,0,491,18.6,,,,,,,,,,,,,,,,,,,,,,,        
-77.086018,38.844299,0,0,492,19,,,,,,,,,,,,,,,,,,,,,,,        
-77.086381,38.84437,0,0,493,19.2,,,,,,,,,,,,,,,,,,,,,,,        
-77.086518,38.844401,0,0,494,19.8,,,,,,,,,,,,,,,,,,,,,,,        
-77.086745,38.844445,0,0,495,20.6,,,,,,,,,,,,,,,,,,,,,,,        
-77.08679,38.84445,0,0,496,20.8,,,,,,,,,,,,,,,,,,,,,,,        
-77.08708,38.84451,0,0,497,21.6,,,,,,,,,,,,,,,,,,,,,,,        
-77.087297,38.844547,0,0,498,21.8,,,,,,,,,,,,,,,,,,,,,,,        
-77.087464,38.84458,0,0,499,21.8,,,,,,,,,,,,,,,,,,,,,,,        
-77.087516,38.844591,0,0,500,21.8,,,,,,,,,,,,,,,,,,,,,,,        
-77.08763,38.844617,0,0,501,23,,,,,,,,,,,,,,,,,,,,,,,        
-77.087663,38.844625,0,0,502,23.4,,,,,,,,,,,,,,,,,,,,,,,        
-77.087728,38.844641,0,0,503,24.2,,,,,,,,,,,,,,,,,,,,,,,        
-77.087857,38.844672,0,0,504,25,,,,,,,,,,,,,,,,,,,,,,,        
-77.087892,38.84468,0,0,505,25.2,,,,,,,,,,,,,,,,,,,,,,,        
-77.088153,38.844725,0,0,506,25.6,,,,,,,,,,,,,,,,,,,,,,,        
-77.088423,38.844782,0,0,507,24.2,,,,,,,,,,,,,,,,,,,,,,,        
-77.088485,38.844792,0,0,508,24,,,,,,,,,,,,,,,,,,,,,,,        
-77.088549,38.844802,0,0,509,23.8,,,,,,,,,,,,,,,,,,,,,,,        
-77.088959,38.844882,0,0,510,23.4,,,,,,,,,,,,,,,,,,,,,,,        
-77.089101,38.844873,0,0,511,23,,,,,,,,,,,,,,,,,,,,,,,        
-77.089236,38.844842,0,0,512,22.2,,,,,,,,,,,,,,,,,,,,,,,        
-77.089303,38.844835,0,0,513,21.8,,,,,,,,,,,,,,,,,,,,,,,        
-77.089367,38.844842,0,0,514,21.6,,,,,,,,,,,,,,,,,,,,,,,        
-77.089427,38.844855,0,0,515,21.4,,,,,,,,,,,,,,,,,,,,,,,        
-77.089915,38.844991,0,0,516,21,,,,,,,,,,,,,,,,,,,,,,,        
-77.08998,38.845009,0,0,517,21,,,,,,,,,,,,,,,,,,,,,,,        
-77.09017,38.84507,0,0,518,20.8,,,,,,,,,,,,,,,,,,,,,,,        
-77.090229,38.845096,0,0,519,20.8,,,,,,,,,,,,,,,,,,,,,,,        
-77.090673,38.845244,0,0,520,21.2,,,,,,,,,,,,,,,,,,,,,,,        
-77.091256,38.845422,0,0,521,21.6,,,,,,,,,,,,,,,,,,,,,,,        
-77.091729,38.845583,0,0,522,22,,,,,,,,,,,,,,,,,,,,,,,        
-77.092245,38.845771,0,0,523,23,,,,,,,,,,,,,,,,,,,,,,,        
-77.092311,38.845795,0,0,524,23.2,,,,,,,,,,,,,,,,,,,,,,,        
-77.09282,38.845974,0,0,525,23.4,,,,,,,,,,,,,,,,,,,,,,,        
-77.093254,38.846141,0,0,526,23.8,,,,,,,,,,,,,,,,,,,,,,,        
-77.093378,38.846188,0,0,527,23.8,,,,,,,,,,,,,,,,,,,,,,,        
-77.093552,38.846266,0,0,528,23.8,,,,,,,,,,,,,,,,,,,,,,,        
-77.093677,38.846317,0,0,529,23.8,,,,,,,,,,,,,,,,,,,,,,,        
-77.094069,38.846525,0,0,530,23.8,,,,,,,,,,,,,,,,,,,,,,,        
-77.094182,38.846585,0,0,531,23.8,,,,,,,,,,,,,,,,,,,,,,,        
-77.094292,38.846638,0,0,532,24,,,,,,,,,,,,,,,,,,,,,,,        
-77.094404,38.846689,0,0,533,24,,,,,,,,,,,,,,,,,,,,,,,        
-77.094691,38.846802,0,0,534,24.2,,,,,,,,,,,,,,,,,,,,,,,        
-77.094744,38.846828,0,0,535,24.2,,,,,,,,,,,,,,,,,,,,,,,        
-77.094875,38.8469,0,0,536,24.2,,,,,,,,,,,,,,,,,,,,,,,        
-77.094947,38.846928,0,0,537,24.2,,,,,,,,,,,,,,,,,,,,,,,        
-77.094995,38.846951,0,0,538,24.2,,,,,,,,,,,,,,,,,,,,,,,        
-77.094995,38.846951,0,0,539,24.2,,,,,,,,,,,,,,,,,,,,,,,        
-77.095004,38.846963,0,0,540,24.4,,,,,,,,,,,,,,,,,,,,,,,        
-77.095004,38.846969,0,0,541,24.4,,,,,,,,,,,,,,,,,,,,,,,        
-77.095002,38.846969,0,0,542,24.6,,,,,,,,,,,,,,,,,,,,,,,        
-77.095001,38.846968,0,0,543,24.8,,,,,,,,,,,,,,,,,,,,,,,        
-77.094996,38.84697,0,0,544,24.6,,,,,,,,,,,,,,,,,,,,,,,        
-77.094996,38.84697,0,0,545,24.4,,,,,,,,,,,,,,,,,,,,,,,        
-77.094985,38.84697,0,0,546,24.4,,,,,,,,,,,,,,,,,,,,,,,        
-77.094987,38.846973,0,0,547,24.2,,,,,,,,,,,,,,,,,,,,,,,        
-77.095035,38.847011,0,0,548,24.2,,,,,,,,,,,,,,,,,,,,,,,        
-77.09524,38.847106,0,0,549,24.6,,,,,,,,,,,,,,,,,,,,,,,        
-77.095501,38.847189,0,0,550,24.8,,,,,,,,,,,,,,,,,,,,,,,        
-77.095673,38.847266,0,0,551,25,,,,,,,,,,,,,,,,,,,,,,,        
-77.095892,38.847378,0,0,552,25.2,,,,,,,,,,,,,,,,,,,,,,,        
-77.09624,38.847537,0,0,553,25.6,,,,,,,,,,,,,,,,,,,,,,,        
-77.09681,38.847845,0,0,554,25.8,,,,,,,,,,,,,,,,,,,,,,,        
-77.097108,38.847996,0,0,555,26,,,,,,,,,,,,,,,,,,,,,,,        
-77.09728,38.848096,0,0,556,26.2,,,,,,,,,,,,,,,,,,,,,,,        
-77.097332,38.84813,0,0,557,26.4,,,,,,,,,,,,,,,,,,,,,,,        
-77.097436,38.848204,0,0,558,26.6,,,,,,,,,,,,,,,,,,,,,,,        
-77.097546,38.848271,0,0,559,26.6,,,,,,,,,,,,,,,,,,,,,,,        
-77.097829,38.848436,0,0,560,27,,,,,,,,,,,,,,,,,,,,,,,        
-77.097885,38.848466,0,0,561,27.2,,,,,,,,,,,,,,,,,,,,,,,        
-77.098319,38.848723,0,0,562,27.6,,,,,,,,,,,,,,,,,,,,,,,        
-77.098372,38.848753,0,0,563,27.8,,,,,,,,,,,,,,,,,,,,,,,        
-77.098619,38.848927,0,0,564,28.2,,,,,,,,,,,,,,,,,,,,,,,        
-77.098722,38.849001,0,0,565,28.2,,,,,,,,,,,,,,,,,,,,,,,        
-77.098933,38.849126,0,0,566,28.2,,,,,,,,,,,,,,,,,,,,,,,        
-77.099029,38.849201,0,0,567,28.4,,,,,,,,,,,,,,,,,,,,,,,        
-77.099344,38.849407,0,0,568,26.4,,,,,,,,,,,,,,,,,,,,,,,        
-77.099402,38.849439,0,0,569,26,,,,,,,,,,,,,,,,,,,,,,,        
-77.099767,38.849679,0,0,570,28,,,,,,,,,,,,,,,,,,,,,,,        
-77.099816,38.849714,0,0,571,28.4,,,,,,,,,,,,,,,,,,,,,,,        
-77.100063,38.849879,0,0,572,29.4,,,,,,,,,,,,,,,,,,,,,,,        
-77.100167,38.849945,0,0,573,28.6,,,,,,,,,,,,,,,,,,,,,,,        
-77.100266,38.850012,0,0,574,29.6,,,,,,,,,,,,,,,,,,,,,,,        
-77.100413,38.850112,0,0,575,29.8,,,,,,,,,,,,,,,,,,,,,,,        
-77.100512,38.850174,0,0,576,30.6,,,,,,,,,,,,,,,,,,,,,,,        
-77.100611,38.850242,0,0,577,31.8,,,,,,,,,,,,,,,,,,,,,,,        
-77.100747,38.850348,0,0,578,33.2,,,,,,,,,,,,,,,,,,,,,,,        
-77.100839,38.850421,0,0,579,33.2,,,,,,,,,,,,,,,,,,,,,,,        
-77.100972,38.850525,0,0,580,31.6,,,,,,,,,,,,,,,,,,,,,,,        
-77.101109,38.850631,0,0,581,31.2,,,,,,,,,,,,,,,,,,,,,,,        
-77.101195,38.850698,0,0,582,31.4,,,,,,,,,,,,,,,,,,,,,,,        
-77.101388,38.850868,0,0,583,31.8,,,,,,,,,,,,,,,,,,,,,,,        
-77.101506,38.850968,0,0,584,31.8,,,,,,,,,,,,,,,,,,,,,,,        
-77.10162,38.851071,0,0,585,31.8,,,,,,,,,,,,,,,,,,,,,,,        
-77.101862,38.851283,0,0,586,32,,,,,,,,,,,,,,,,,,,,,,,        
-77.10219,38.851561,0,0,587,32.6,,,,,,,,,,,,,,,,,,,,,,,        
-77.102228,38.851598,0,0,588,32.8,,,,,,,,,,,,,,,,,,,,,,,        
-77.102553,38.851869,0,0,589,32.8,,,,,,,,,,,,,,,,,,,,,,,        
-77.102636,38.851936,0,0,590,33,,,,,,,,,,,,,,,,,,,,,,,        
-77.102927,38.852218,0,0,591,33.4,,,,,,,,,,,,,,,,,,,,,,,        
-77.102998,38.852286,0,0,592,33.4,,,,,,,,,,,,,,,,,,,,,,,        
-77.103038,38.852365,0,0,593,33.6,,,,,,,,,,,,,,,,,,,,,,,        
-77.103042,38.852409,0,0,594,33.8,,,,,,,,,,,,,,,,,,,,,,,        
-77.103036,38.852451,0,0,595,33.8,,,,,,,,,,,,,,,,,,,,,,,        
-77.103032,38.852529,0,0,596,34,,,,,,,,,,,,,,,,,,,,,,,        
-77.10305,38.852567,0,0,597,34,,,,,,,,,,,,,,,,,,,,,,,        
-77.103079,38.8526,0,0,598,34,,,,,,,,,,,,,,,,,,,,,,,        
-77.103269,38.852781,0,0,599,34.2,,,,,,,,,,,,,,,,,,,,,,,        
-77.103449,38.852908,0,0,600,34.4,,,,,,,,,,,,,,,,,,,,,,,        
-77.103607,38.852942,0,0,601,34.2,,,,,,,,,,,,,,,,,,,,,,,        
-77.103694,38.853009,0,0,602,34.2,,,,,,,,,,,,,,,,,,,,,,,        
-77.10373,38.853047,0,0,603,34.2,,,,,,,,,,,,,,,,,,,,,,,        
-77.10391,38.853233,0,0,604,34.6,,,,,,,,,,,,,,,,,,,,,,,        
-77.103944,38.85327,0,0,605,34.8,,,,,,,,,,,,,,,,,,,,,,,        
-77.104161,38.853492,0,0,606,35.8,,,,,,,,,,,,,,,,,,,,,,,        
-77.104233,38.853562,0,0,607,35.8,,,,,,,,,,,,,,,,,,,,,,,        
-77.104586,38.853938,0,0,608,35,,,,,,,,,,,,,,,,,,,,,,,        
-77.104706,38.854046,0,0,609,35.4,,,,,,,,,,,,,,,,,,,,,,,        
-77.104778,38.854122,0,0,610,35.4,,,,,,,,,,,,,,,,,,,,,,,        
-77.104821,38.854159,0,0,611,35.6,,,,,,,,,,,,,,,,,,,,,,,        
-77.104906,38.854235,0,0,612,35.8,,,,,,,,,,,,,,,,,,,,,,,        
-77.105215,38.854496,0,0,613,36.6,,,,,,,,,,,,,,,,,,,,,,,        
-77.105598,38.854779,0,0,614,36.8,,,,,,,,,,,,,,,,,,,,,,,        
-77.105647,38.854812,0,0,615,36.8,,,,,,,,,,,,,,,,,,,,,,,        
-77.106001,38.855031,0,0,616,37.2,,,,,,,,,,,,,,,,,,,,,,,        
-77.106047,38.85506,0,0,617,37.4,,,,,,,,,,,,,,,,,,,,,,,        
-77.106286,38.855201,0,0,618,37.8,,,,,,,,,,,,,,,,,,,,,,,        
-77.106387,38.855255,0,0,619,37.8,,,,,,,,,,,,,,,,,,,,,,,        
-77.106742,38.855435,0,0,620,38.4,,,,,,,,,,,,,,,,,,,,,,,        
-77.106888,38.855498,0,0,621,38.8,,,,,,,,,,,,,,,,,,,,,,,        
-77.107096,38.855583,0,0,622,40,,,,,,,,,,,,,,,,,,,,,,,        
-77.107538,38.855743,0,0,623,40.6,,,,,,,,,,,,,,,,,,,,,,,        
-77.10759,38.855766,0,0,624,40.8,,,,,,,,,,,,,,,,,,,,,,,        
-77.107641,38.855788,0,0,625,41,,,,,,,,,,,,,,,,,,,,,,,        
-77.107803,38.855848,0,0,626,42.2,,,,,,,,,,,,,,,,,,,,,,,        
-77.10797,38.8559,0,0,627,42.6,,,,,,,,,,,,,,,,,,,,,,,        
-77.10802,38.855918,0,0,628,43.4,,,,,,,,,,,,,,,,,,,,,,,        
-77.1083,38.856008,0,0,629,42.4,,,,,,,,,,,,,,,,,,,,,,,        
-77.108356,38.856026,0,0,630,43.2,,,,,,,,,,,,,,,,,,,,,,,        
-77.108467,38.856054,0,0,631,42.8,,,,,,,,,,,,,,,,,,,,,,,        
-77.108522,38.856068,0,0,632,43.8,,,,,,,,,,,,,,,,,,,,,,,        
-77.10863,38.856099,0,0,633,46,,,,,,,,,,,,,,,,,,,,,,,        
-77.108738,38.856132,0,0,634,44.6,,,,,,,,,,,,,,,,,,,,,,,        
-77.108894,38.856178,0,0,635,44.4,,,,,,,,,,,,,,,,,,,,,,,        
-77.109059,38.856228,0,0,636,45.8,,,,,,,,,,,,,,,,,,,,,,,        
-77.109163,38.856263,0,0,637,45.6,,,,,,,,,,,,,,,,,,,,,,,        
-77.10921,38.856274,0,0,638,45.4,,,,,,,,,,,,,,,,,,,,,,,        
-77.109315,38.856269,0,0,639,44.6,,,,,,,,,,,,,,,,,,,,,,,        
-77.109417,38.856257,0,0,640,43.6,,,,,,,,,,,,,,,,,,,,,,,        
-77.109509,38.856265,0,0,641,43,,,,,,,,,,,,,,,,,,,,,,,        
-77.10957,38.856318,0,0,642,42.8,,,,,,,,,,,,,,,,,,,,,,,        
-77.109605,38.8564,0,0,643,42.8,,,,,,,,,,,,,,,,,,,,,,,        
-77.109722,38.856564,0,0,644,42.8,,,,,,,,,,,,,,,,,,,,,,,        
-77.109826,38.856606,0,0,645,42.8,,,,,,,,,,,,,,,,,,,,,,,        
-77.109883,38.856617,0,0,646,42.8,,,,,,,,,,,,,,,,,,,,,,,        
-77.110303,38.85674,0,0,647,42.8,,,,,,,,,,,,,,,,,,,,,,,        
-77.110649,38.856967,0,0,648,43.6,,,,,,,,,,,,,,,,,,,,,,,        
-77.11103,38.857314,0,0,649,44,,,,,,,,,,,,,,,,,,,,,,,        
-77.111328,38.857613,0,0,650,44.6,,,,,,,,,,,,,,,,,,,,,,,        
-77.111363,38.85765,0,0,651,44.6,,,,,,,,,,,,,,,,,,,,,,,        
-77.111414,38.857731,0,0,652,44.6,,,,,,,,,,,,,,,,,,,,,,,        
-77.111436,38.857772,0,0,653,44.6,,,,,,,,,,,,,,,,,,,,,,,        
-77.111458,38.857812,0,0,654,44.8,,,,,,,,,,,,,,,,,,,,,,,        
-77.111502,38.857885,0,0,655,45.6,,,,,,,,,,,,,,,,,,,,,,,        
-77.111527,38.857922,0,0,656,45.6,,,,,,,,,,,,,,,,,,,,,,,        
-77.111593,38.858035,0,0,657,46,,,,,,,,,,,,,,,,,,,,,,,        
-77.111688,38.858193,0,0,658,46.8,,,,,,,,,,,,,,,,,,,,,,,        
-77.111752,38.858312,0,0,659,47.2,,,,,,,,,,,,,,,,,,,,,,,        
-77.111862,38.858529,0,0,660,47.4,,,,,,,,,,,,,,,,,,,,,,,        
-77.111903,38.858609,0,0,661,46.6,,,,,,,,,,,,,,,,,,,,,,,        
-77.111919,38.85865,0,0,662,47,,,,,,,,,,,,,,,,,,,,,,,        
-77.112055,38.858963,0,0,663,47.4,,,,,,,,,,,,,,,,,,,,,,,        
-77.112144,38.859217,0,0,664,48,,,,,,,,,,,,,,,,,,,,,,,        
-77.112162,38.859259,0,0,665,48,,,,,,,,,,,,,,,,,,,,,,,        
-77.112368,38.859622,0,0,666,48,,,,,,,,,,,,,,,,,,,,,,,        
-77.112572,38.859926,0,0,667,47,,,,,,,,,,,,,,,,,,,,,,,        
-77.112599,38.859967,0,0,668,47,,,,,,,,,,,,,,,,,,,,,,,        
-77.112658,38.860042,0,0,669,47.2,,,,,,,,,,,,,,,,,,,,,,,        
-77.112746,38.860155,0,0,670,47.6,,,,,,,,,,,,,,,,,,,,,,,        
-77.113039,38.860447,0,0,671,48,,,,,,,,,,,,,,,,,,,,,,,        
-77.113069,38.860487,0,0,672,48.2,,,,,,,,,,,,,,,,,,,,,,,        
-77.113091,38.860527,0,0,673,48.2,,,,,,,,,,,,,,,,,,,,,,,        
-77.113178,38.86069,0,0,674,48.6,,,,,,,,,,,,,,,,,,,,,,,        
-77.113206,38.860728,0,0,675,48.8,,,,,,,,,,,,,,,,,,,,,,,        
-77.113236,38.860763,0,0,676,49,,,,,,,,,,,,,,,,,,,,,,,        
-77.113297,38.86083,0,0,677,49.4,,,,,,,,,,,,,,,,,,,,,,,        
-77.113403,38.860928,0,0,678,49.6,,,,,,,,,,,,,,,,,,,,,,,        
-77.113707,38.861212,0,0,679,49.8,,,,,,,,,,,,,,,,,,,,,,,        
-77.113799,38.861282,0,0,680,49.8,,,,,,,,,,,,,,,,,,,,,,,        
-77.113923,38.861387,0,0,681,49.8,,,,,,,,,,,,,,,,,,,,,,,        
-77.114085,38.861529,0,0,682,49.8,,,,,,,,,,,,,,,,,,,,,,,        
-77.114187,38.861593,0,0,683,49.8,,,,,,,,,,,,,,,,,,,,,,,        
-77.114299,38.861649,0,0,684,49.8,,,,,,,,,,,,,,,,,,,,,,,        
-77.114354,38.861673,0,0,685,50,,,,,,,,,,,,,,,,,,,,,,,        
-77.114466,38.861715,0,0,686,51.2,,,,,,,,,,,,,,,,,,,,,,,        
-77.114587,38.861751,0,0,687,51.6,,,,,,,,,,,,,,,,,,,,,,,        
-77.114773,38.861804,0,0,688,51.6,,,,,,,,,,,,,,,,,,,,,,,        
-77.114959,38.86186,0,0,689,51.8,,,,,,,,,,,,,,,,,,,,,,,        
-77.115073,38.861895,0,0,690,51.8,,,,,,,,,,,,,,,,,,,,,,,        
-77.11525,38.861931,0,0,691,51.8,,,,,,,,,,,,,,,,,,,,,,,        
-77.115371,38.861959,0,0,692,51.8,,,,,,,,,,,,,,,,,,,,,,,        
-77.11562,38.861987,0,0,693,51.8,,,,,,,,,,,,,,,,,,,,,,,        
-77.116044,38.862082,0,0,694,52.2,,,,,,,,,,,,,,,,,,,,,,,        
-77.116101,38.862098,0,0,695,52.2,,,,,,,,,,,,,,,,,,,,,,,        
-77.116387,38.862176,0,0,696,52.6,,,,,,,,,,,,,,,,,,,,,,,        
-77.116442,38.862197,0,0,697,53.4,,,,,,,,,,,,,,,,,,,,,,,        
-77.116498,38.862218,0,0,698,55.4,,,,,,,,,,,,,,,,,,,,,,,        
-77.116554,38.862239,0,0,699,57.8,,,,,,,,,,,,,,,,,,,,,,,        
-77.116663,38.862275,0,0,700,54.4,,,,,,,,,,,,,,,,,,,,,,,        
-77.116714,38.862297,0,0,701,56,,,,,,,,,,,,,,,,,,,,,,,        
-77.116766,38.862316,0,0,702,58.2,,,,,,,,,,,,,,,,,,,,,,,        
-77.116817,38.862337,0,0,703,58.8,,,,,,,,,,,,,,,,,,,,,,,        
-77.116866,38.862363,0,0,704,55.8,,,,,,,,,,,,,,,,,,,,,,,        
-77.116913,38.862388,0,0,705,49.2,,,,,,,,,,,,,,,,,,,,,,,        
-77.116965,38.862413,0,0,706,51,,,,,,,,,,,,,,,,,,,,,,,        
-77.117017,38.862437,0,0,707,53.6,,,,,,,,,,,,,,,,,,,,,,,        
-77.117068,38.86246,0,0,708,54.8,,,,,,,,,,,,,,,,,,,,,,,        
-77.117166,38.862515,0,0,709,55.2,,,,,,,,,,,,,,,,,,,,,,,        
-77.117218,38.862543,0,0,710,55.6,,,,,,,,,,,,,,,,,,,,,,,        
-77.117257,38.862573,0,0,711,55.8,,,,,,,,,,,,,,,,,,,,,,,        
-77.117391,38.862667,0,0,712,54.8,,,,,,,,,,,,,,,,,,,,,,,        
-77.117486,38.862726,0,0,713,53.4,,,,,,,,,,,,,,,,,,,,,,,        
-77.117538,38.862755,0,0,714,48,,,,,,,,,,,,,,,,,,,,,,,        
-77.117588,38.862788,0,0,715,35.2,,,,,,,,,,,,,,,,,,,,,,,        
-77.117634,38.862817,0,0,716,29,,,,,,,,,,,,,,,,,,,,,,,        
-77.11768,38.862847,0,0,717,35.8,,,,,,,,,,,,,,,,,,,,,,,        
-77.117729,38.862878,0,0,718,37.2,,,,,,,,,,,,,,,,,,,,,,,        
-77.11778,38.862911,0,0,719,29.2,,,,,,,,,,,,,,,,,,,,,,,        
-77.117825,38.862951,0,0,720,25,,,,,,,,,,,,,,,,,,,,,,,        
-77.117865,38.862991,0,0,721,23,,,,,,,,,,,,,,,,,,,,,,,        
-77.117906,38.86303,0,0,722,29.8,,,,,,,,,,,,,,,,,,,,,,,        
-77.117946,38.863071,0,0,723,38,,,,,,,,,,,,,,,,,,,,,,,        
-77.117992,38.863112,0,0,724,42,,,,,,,,,,,,,,,,,,,,,,,        
-77.118028,38.86315,0,0,725,46.4,,,,,,,,,,,,,,,,,,,,,,,        
-77.118062,38.863194,0,0,726,49.6,,,,,,,,,,,,,,,,,,,,,,,        
-77.118093,38.863239,0,0,727,51.4,,,,,,,,,,,,,,,,,,,,,,,        
-77.118149,38.863327,0,0,728,52.8,,,,,,,,,,,,,,,,,,,,,,,        
-77.118235,38.863457,0,0,729,53.2,,,,,,,,,,,,,,,,,,,,,,,        
-77.118438,38.863767,0,0,730,53.8,,,,,,,,,,,,,,,,,,,,,,,        
-77.118468,38.863808,0,0,731,53.8,,,,,,,,,,,,,,,,,,,,,,,        
-77.118654,38.864049,0,0,732,54.4,,,,,,,,,,,,,,,,,,,,,,,        
-77.118688,38.864089,0,0,733,54.4,,,,,,,,,,,,,,,,,,,,,,,        
-77.118808,38.864246,0,0,734,54.4,,,,,,,,,,,,,,,,,,,,,,,        
-77.118949,38.864382,0,0,735,54.6,,,,,,,,,,,,,,,,,,,,,,,        
-77.118988,38.864414,0,0,736,54.8,,,,,,,,,,,,,,,,,,,,,,,        
-77.119056,38.864481,0,0,737,55,,,,,,,,,,,,,,,,,,,,,,,        
-77.119251,38.864631,0,0,738,55.2,,,,,,,,,,,,,,,,,,,,,,,        
-77.11929,38.864658,0,0,739,55.4,,,,,,,,,,,,,,,,,,,,,,,        
-77.119493,38.864781,0,0,740,56,,,,,,,,,,,,,,,,,,,,,,,        
-77.119615,38.864853,0,0,741,56.4,,,,,,,,,,,,,,,,,,,,,,,        
-77.119883,38.864972,0,0,742,56.4,,,,,,,,,,,,,,,,,,,,,,,        
-77.120213,38.865107,0,0,743,56.8,,,,,,,,,,,,,,,,,,,,,,,        
-77.12036,38.865158,0,0,744,56.8,,,,,,,,,,,,,,,,,,,,,,,        
-77.120467,38.86518,0,0,745,56.8,,,,,,,,,,,,,,,,,,,,,,,        
-77.120744,38.865244,0,0,746,56.8,,,,,,,,,,,,,,,,,,,,,,,        
-77.120807,38.865253,0,0,747,56.8,,,,,,,,,,,,,,,,,,,,,,,        
-77.121049,38.865287,0,0,748,57,,,,,,,,,,,,,,,,,,,,,,,        
-77.121215,38.865299,0,0,749,58.2,,,,,,,,,,,,,,,,,,,,,,,        
-77.121277,38.865305,0,0,750,58.4,,,,,,,,,,,,,,,,,,,,,,,        
-77.121772,38.865367,0,0,751,59,,,,,,,,,,,,,,,,,,,,,,,        
-77.121826,38.865379,0,0,752,59,,,,,,,,,,,,,,,,,,,,,,,        
-77.121941,38.865404,0,0,753,59.2,,,,,,,,,,,,,,,,,,,,,,,        
-77.122121,38.865455,0,0,754,59.2,,,,,,,,,,,,,,,,,,,,,,,        
-77.122231,38.865489,0,0,755,59.2,,,,,,,,,,,,,,,,,,,,,,,        
-77.122439,38.865578,0,0,756,54.2,,,,,,,,,,,,,,,,,,,,,,,        
-77.12249,38.8656,0,0,757,48.2,,,,,,,,,,,,,,,,,,,,,,,        
-77.122544,38.865621,0,0,758,44.8,,,,,,,,,,,,,,,,,,,,,,,        
-77.122596,38.865644,0,0,759,43.2,,,,,,,,,,,,,,,,,,,,,,,        
-77.122646,38.86567,0,0,760,38.2,,,,,,,,,,,,,,,,,,,,,,,        
-77.122693,38.865693,0,0,761,35.8,,,,,,,,,,,,,,,,,,,,,,,        
-77.122742,38.865714,0,0,762,38.6,,,,,,,,,,,,,,,,,,,,,,,        
-77.122798,38.865738,0,0,763,44.8,,,,,,,,,,,,,,,,,,,,,,,        
-77.122854,38.865763,0,0,764,51.2,,,,,,,,,,,,,,,,,,,,,,,        
-77.122911,38.865793,0,0,765,55.6,,,,,,,,,,,,,,,,,,,,,,,        
-77.122962,38.865824,0,0,766,57.8,,,,,,,,,,,,,,,,,,,,,,,        
-77.123006,38.865858,0,0,767,59,,,,,,,,,,,,,,,,,,,,,,,        
-77.12305,38.865894,0,0,768,59.6,,,,,,,,,,,,,,,,,,,,,,,        
-77.123136,38.86596,0,0,769,60,,,,,,,,,,,,,,,,,,,,,,,        
-77.123187,38.866007,0,0,770,60.2,,,,,,,,,,,,,,,,,,,,,,,        
-77.123282,38.866078,0,0,771,57.2,,,,,,,,,,,,,,,,,,,,,,,        
-77.12333,38.866111,0,0,772,56.2,,,,,,,,,,,,,,,,,,,,,,,        
-77.123426,38.86617,0,0,773,57.2,,,,,,,,,,,,,,,,,,,,,,,        
-77.123477,38.866189,0,0,774,58.6,,,,,,,,,,,,,,,,,,,,,,,        
-77.123559,38.866247,0,0,775,59.8,,,,,,,,,,,,,,,,,,,,,,,        
-77.123638,38.866283,0,0,776,60.2,,,,,,,,,,,,,,,,,,,,,,,        
-77.123814,38.866335,0,0,777,60.4,,,,,,,,,,,,,,,,,,,,,,,        
-77.124338,38.8667,0,0,778,60.8,,,,,,,,,,,,,,,,,,,,,,,        
-77.12438,38.866734,0,0,779,60.8,,,,,,,,,,,,,,,,,,,,,,,        
-77.124414,38.866765,0,0,780,61,,,,,,,,,,,,,,,,,,,,,,,        
-77.124725,38.86691,0,0,781,61,,,,,,,,,,,,,,,,,,,,,,,        
-77.124856,38.866991,0,0,782,62.6,,,,,,,,,,,,,,,,,,,,,,,        
-77.124905,38.867009,0,0,783,63.6,,,,,,,,,,,,,,,,,,,,,,,        
-77.12516,38.867122,0,0,784,63.6,,,,,,,,,,,,,,,,,,,,,,,        
-77.125264,38.867172,0,0,785,62.6,,,,,,,,,,,,,,,,,,,,,,,        
-77.125461,38.867278,0,0,786,62.2,,,,,,,,,,,,,,,,,,,,,,,        
-77.125557,38.867333,0,0,787,62.2,,,,,,,,,,,,,,,,,,,,,,,        
-77.125809,38.867465,0,0,788,62.4,,,,,,,,,,,,,,,,,,,,,,,        
-77.126071,38.86759,0,0,789,62.8,,,,,,,,,,,,,,,,,,,,,,,        
-77.12617,38.86764,0,0,790,62.8,,,,,,,,,,,,,,,,,,,,,,,        
-77.126262,38.867686,0,0,791,62.2,,,,,,,,,,,,,,,,,,,,,,,        
-77.126352,38.867724,0,0,792,61.6,,,,,,,,,,,,,,,,,,,,,,,        
-77.126452,38.867759,0,0,793,61.4,,,,,,,,,,,,,,,,,,,,,,,        
-77.126563,38.867796,0,0,794,61.6,,,,,,,,,,,,,,,,,,,,,,,        
-77.12666,38.867826,0,0,795,61.8,,,,,,,,,,,,,,,,,,,,,,,        
-77.126711,38.867839,0,0,796,62,,,,,,,,,,,,,,,,,,,,,,,        
-77.126891,38.867846,0,0,797,61.8,,,,,,,,,,,,,,,,,,,,,,,        
-77.12723,38.867801,0,0,798,60.4,,,,,,,,,,,,,,,,,,,,,,,        
-77.127296,38.867793,0,0,799,60.2,,,,,,,,,,,,,,,,,,,,,,,        
-77.127493,38.867791,0,0,800,60,,,,,,,,,,,,,,,,,,,,,,,        
-77.127865,38.867904,0,0,801,59.4,,,,,,,,,,,,,,,,,,,,,,,        
-77.127905,38.867944,0,0,802,59.4,,,,,,,,,,,,,,,,,,,,,,,        
-77.127942,38.867994,0,0,803,59.4,,,,,,,,,,,,,,,,,,,,,,,        
-77.127959,38.868105,0,0,804,59.8,,,,,,,,,,,,,,,,,,,,,,,        
-77.128023,38.868312,0,0,805,61.2,,,,,,,,,,,,,,,,,,,,,,,        
-77.128043,38.868349,0,0,806,61.6,,,,,,,,,,,,,,,,,,,,,,,        
-77.128063,38.868382,0,0,807,61.8,,,,,,,,,,,,,,,,,,,,,,,        
-77.128155,38.868459,0,0,808,62.6,,,,,,,,,,,,,,,,,,,,,,,        
-77.128196,38.868479,0,0,809,62.8,,,,,,,,,,,,,,,,,,,,,,,        
-77.128355,38.868557,0,0,810,64,,,,,,,,,,,,,,,,,,,,,,,        
-77.128519,38.868617,0,0,811,65,,,,,,,,,,,,,,,,,,,,,,,        
-77.128565,38.868636,0,0,812,65.2,,,,,,,,,,,,,,,,,,,,,,,        
-77.128911,38.8688,0,0,813,65.8,,,,,,,,,,,,,,,,,,,,,,,        
-77.129191,38.868916,0,0,814,66.6,,,,,,,,,,,,,,,,,,,,,,,        
-77.129239,38.86894,0,0,815,66.8,,,,,,,,,,,,,,,,,,,,,,,        
-77.129337,38.868988,0,0,816,67.8,,,,,,,,,,,,,,,,,,,,,,,        
-77.129592,38.869114,0,0,817,68.2,,,,,,,,,,,,,,,,,,,,,,,        
-77.129644,38.869143,0,0,818,68.2,,,,,,,,,,,,,,,,,,,,,,,        
-77.129778,38.869217,0,0,819,67.4,,,,,,,,,,,,,,,,,,,,,,,        
-77.129874,38.869251,0,0,820,66.6,,,,,,,,,,,,,,,,,,,,,,,        
-77.129923,38.869277,0,0,821,66.4,,,,,,,,,,,,,,,,,,,,,,,        
-77.130063,38.869356,0,0,822,66.6,,,,,,,,,,,,,,,,,,,,,,,        
-77.130215,38.869434,0,0,823,67,,,,,,,,,,,,,,,,,,,,,,,        
-77.130463,38.869583,0,0,824,66.8,,,,,,,,,,,,,,,,,,,,,,,        
-77.13054,38.869656,0,0,825,67,,,,,,,,,,,,,,,,,,,,,,,        
-77.130627,38.869722,0,0,826,67,,,,,,,,,,,,,,,,,,,,,,,        
-77.130713,38.869795,0,0,827,67.4,,,,,,,,,,,,,,,,,,,,,,,        
-77.13075,38.869834,0,0,828,67.6,,,,,,,,,,,,,,,,,,,,,,,        
-77.130782,38.869874,0,0,829,67.4,,,,,,,,,,,,,,,,,,,,,,,        
-77.130982,38.870099,0,0,830,67.2,,,,,,,,,,,,,,,,,,,,,,,        
-77.131019,38.870136,0,0,831,67.2,,,,,,,,,,,,,,,,,,,,,,,        
-77.131269,38.870454,0,0,832,66.6,,,,,,,,,,,,,,,,,,,,,,,        
-77.131295,38.870496,0,0,833,66.4,,,,,,,,,,,,,,,,,,,,,,,        
-77.131424,38.870699,0,0,834,66.4,,,,,,,,,,,,,,,,,,,,,,,        
-77.131464,38.870776,0,0,835,66.4,,,,,,,,,,,,,,,,,,,,,,,        
-77.131545,38.870895,0,0,836,66.6,,,,,,,,,,,,,,,,,,,,,,,        
-77.131622,38.871026,0,0,837,67,,,,,,,,,,,,,,,,,,,,,,,        
-77.131697,38.871158,0,0,838,67,,,,,,,,,,,,,,,,,,,,,,,        
-77.131756,38.871244,0,0,839,67,,,,,,,,,,,,,,,,,,,,,,,        
-77.131806,38.871335,0,0,840,67,,,,,,,,,,,,,,,,,,,,,,,        
-77.131896,38.871468,0,0,841,67.2,,,,,,,,,,,,,,,,,,,,,,,        
-77.131952,38.871552,0,0,842,68.2,,,,,,,,,,,,,,,,,,,,,,,        
-77.132001,38.871633,0,0,843,71.2,,,,,,,,,,,,,,,,,,,,,,,        
-77.132028,38.871671,0,0,844,72.2,,,,,,,,,,,,,,,,,,,,,,,        
-77.132058,38.871709,0,0,845,71,,,,,,,,,,,,,,,,,,,,,,,        
-77.132082,38.871746,0,0,846,69.6,,,,,,,,,,,,,,,,,,,,,,,        
-77.132064,38.87181,0,0,847,68.6,,,,,,,,,,,,,,,,,,,,,,,        
-77.132032,38.871822,0,0,848,68.4,,,,,,,,,,,,,,,,,,,,,,,        
-77.131936,38.871829,0,0,849,68.4,,,,,,,,,,,,,,,,,,,,,,,        
-77.131724,38.871749,0,0,850,69.2,,,,,,,,,,,,,,,,,,,,,,,        
-77.131659,38.871707,0,0,851,69.6,,,,,,,,,,,,,,,,,,,,,,,        
-77.131477,38.87158,0,0,852,70.6,,,,,,,,,,,,,,,,,,,,,,,        
-77.131449,38.871561,0,0,853,70.8,,,,,,,,,,,,,,,,,,,,,,,        
-77.131295,38.87147,0,0,854,72,,,,,,,,,,,,,,,,,,,,,,,        
-77.131234,38.871432,0,0,855,72.6,,,,,,,,,,,,,,,,,,,,,,,        
-77.131136,38.871366,0,0,856,73,,,,,,,,,,,,,,,,,,,,,,,        
-77.130908,38.871251,0,0,857,73.8,,,,,,,,,,,,,,,,,,,,,,,        
-77.130784,38.871181,0,0,858,74,,,,,,,,,,,,,,,,,,,,,,,        
-77.130651,38.871119,0,0,859,74.4,,,,,,,,,,,,,,,,,,,,,,,        
-77.130523,38.871071,0,0,860,75.2,,,,,,,,,,,,,,,,,,,,,,,        
-77.130263,38.870987,0,0,861,76,,,,,,,,,,,,,,,,,,,,,,,        
-77.13007,38.870949,0,0,862,76.2,,,,,,,,,,,,,,,,,,,,,,,        
-77.129869,38.870919,0,0,863,76.4,,,,,,,,,,,,,,,,,,,,,,,        
-77.129443,38.870847,0,0,864,77,,,,,,,,,,,,,,,,,,,,,,,        
-77.129341,38.870834,0,0,865,77.4,,,,,,,,,,,,,,,,,,,,,,,        
-77.129192,38.870813,0,0,866,77.8,,,,,,,,,,,,,,,,,,,,,,,        
-77.128985,38.870812,0,0,867,78.2,,,,,,,,,,,,,,,,,,,,,,,        
-77.128882,38.870817,0,0,868,78.4,,,,,,,,,,,,,,,,,,,,,,,        
-77.12874,38.870825,0,0,869,78.8,,,,,,,,,,,,,,,,,,,,,,,        
-77.128439,38.870894,0,0,870,78.8,,,,,,,,,,,,,,,,,,,,,,,        
-77.128407,38.8709,0,0,871,78.6,,,,,,,,,,,,,,,,,,,,,,,        
-77.128351,38.870916,0,0,872,78.2,,,,,,,,,,,,,,,,,,,,,,,        
-77.128291,38.870936,0,0,873,78,,,,,,,,,,,,,,,,,,,,,,,        
-77.12817,38.870956,0,0,874,77.8,,,,,,,,,,,,,,,,,,,,,,,        
-77.12792,38.871019,0,0,875,77.6,,,,,,,,,,,,,,,,,,,,,,,        
-77.127603,38.87111,0,0,876,77.6,,,,,,,,,,,,,,,,,,,,,,,        
-77.127553,38.871133,0,0,877,77.8,,,,,,,,,,,,,,,,,,,,,,,        
-77.127404,38.871204,0,0,878,78.2,,,,,,,,,,,,,,,,,,,,,,,        
-77.127315,38.871259,0,0,879,78.4,,,,,,,,,,,,,,,,,,,,,,,        
-77.127221,38.871304,0,0,880,78.6,,,,,,,,,,,,,,,,,,,,,,,        
-77.126963,38.871466,0,0,881,78.8,,,,,,,,,,,,,,,,,,,,,,,        
-77.126693,38.871717,0,0,882,79.2,,,,,,,,,,,,,,,,,,,,,,,        
-77.126532,38.871871,0,0,883,79.4,,,,,,,,,,,,,,,,,,,,,,,        
-77.126494,38.871904,0,0,884,79.4,,,,,,,,,,,,,,,,,,,,,,,        
-77.126463,38.871935,0,0,885,79.4,,,,,,,,,,,,,,,,,,,,,,,        
-77.126197,38.872214,0,0,886,79.6,,,,,,,,,,,,,,,,,,,,,,,        
-77.125938,38.872525,0,0,887,80,,,,,,,,,,,,,,,,,,,,,,,        
-77.125715,38.872763,0,0,888,80.2,,,,,,,,,,,,,,,,,,,,,,,        
-77.125413,38.873112,0,0,889,80.4,,,,,,,,,,,,,,,,,,,,,,,        
-77.125103,38.873456,0,0,890,81,,,,,,,,,,,,,,,,,,,,,,,        
-77.124876,38.873726,0,0,891,81.4,,,,,,,,,,,,,,,,,,,,,,,        
-77.124813,38.873809,0,0,892,81.2,,,,,,,,,,,,,,,,,,,,,,,        
-77.124647,38.874012,0,0,893,80.8,,,,,,,,,,,,,,,,,,,,,,,        
-77.12455,38.874137,0,0,894,81.2,,,,,,,,,,,,,,,,,,,,,,,        
-77.124255,38.874483,0,0,895,81.2,,,,,,,,,,,,,,,,,,,,,,,        
-77.124167,38.874595,0,0,896,81.4,,,,,,,,,,,,,,,,,,,,,,,        
-77.124048,38.874748,0,0,897,82.6,,,,,,,,,,,,,,,,,,,,,,,        
-77.123958,38.874858,0,0,898,83.2,,,,,,,,,,,,,,,,,,,,,,,        
-77.123873,38.874968,0,0,899,83.4,,,,,,,,,,,,,,,,,,,,,,,        
-77.123726,38.875148,0,0,900,83.4,,,,,,,,,,,,,,,,,,,,,,,        
-77.1237,38.875185,0,0,901,83.6,,,,,,,,,,,,,,,,,,,,,,,        
-77.123675,38.875224,0,0,902,84.2,,,,,,,,,,,,,,,,,,,,,,,        
-77.123618,38.875299,0,0,903,85,,,,,,,,,,,,,,,,,,,,,,,        
-77.123519,38.875405,0,0,904,85.8,,,,,,,,,,,,,,,,,,,,,,,        
-77.123485,38.875439,0,0,905,86,,,,,,,,,,,,,,,,,,,,,,,        
-77.123363,38.875589,0,0,906,87.4,,,,,,,,,,,,,,,,,,,,,,,        
-77.123271,38.875703,0,0,907,86.4,,,,,,,,,,,,,,,,,,,,,,,        
-77.123237,38.875748,0,0,908,85.8,,,,,,,,,,,,,,,,,,,,,,,        
-77.123175,38.87582,0,0,909,85,,,,,,,,,,,,,,,,,,,,,,,        
-77.123141,38.875863,0,0,910,85,,,,,,,,,,,,,,,,,,,,,,,        
-77.123049,38.875984,0,0,911,84.4,,,,,,,,,,,,,,,,,,,,,,,        
-77.123018,38.876024,0,0,912,84,,,,,,,,,,,,,,,,,,,,,,,        
-77.122952,38.876106,0,0,913,84,,,,,,,,,,,,,,,,,,,,,,,        
-77.122875,38.876173,0,0,914,84,,,,,,,,,,,,,,,,,,,,,,,        
-77.12284,38.876215,0,0,915,84,,,,,,,,,,,,,,,,,,,,,,,        
-77.122585,38.876528,0,0,916,84.2,,,,,,,,,,,,,,,,,,,,,,,        
-77.122389,38.876728,0,0,917,84.8,,,,,,,,,,,,,,,,,,,,,,,        
-77.122261,38.876892,0,0,918,84.8,,,,,,,,,,,,,,,,,,,,,,,        
-77.122243,38.876938,0,0,919,84.8,,,,,,,,,,,,,,,,,,,,,,,        
-77.122037,38.877202,0,0,920,84.2,,,,,,,,,,,,,,,,,,,,,,,        
-77.121978,38.877276,0,0,921,84,,,,,,,,,,,,,,,,,,,,,,,        
-77.121757,38.877535,0,0,922,83.6,,,,,,,,,,,,,,,,,,,,,,,        
-77.121466,38.877867,0,0,923,83.2,,,,,,,,,,,,,,,,,,,,,,,        
-77.12142,38.877903,0,0,924,83,,,,,,,,,,,,,,,,,,,,,,,        
-77.121306,38.877957,0,0,925,82.8,,,,,,,,,,,,,,,,,,,,,,,        
-77.121175,38.877971,0,0,926,82.6,,,,,,,,,,,,,,,,,,,,,,,        
-77.121072,38.878015,0,0,927,82.8,,,,,,,,,,,,,,,,,,,,,,,        
-77.121043,38.878036,0,0,928,83,,,,,,,,,,,,,,,,,,,,,,,        
-77.121018,38.878061,0,0,929,83.2,,,,,,,,,,,,,,,,,,,,,,,        
-77.120991,38.878105,0,0,930,83.8,,,,,,,,,,,,,,,,,,,,,,,        
-77.120985,38.878129,0,0,931,84,,,,,,,,,,,,,,,,,,,,,,,        
-77.120995,38.878188,0,0,932,84.2,,,,,,,,,,,,,,,,,,,,,,,        
-77.121071,38.878315,0,0,933,84.4,,,,,,,,,,,,,,,,,,,,,,,        
-77.121073,38.878331,0,0,934,84.6,,,,,,,,,,,,,,,,,,,,,,,        
-77.121073,38.878331,0,0,935,84.6,,,,,,,,,,,,,,,,,,,,,,,        
-77.121073,38.878331,0,0,936,84.6,,,,,,,,,,,,,,,,,,,,,,,        
-77.121073,38.878331,0,0,937,84.6,,,,,,,,,,,,,,,,,,,,,,,        
-77.121069,38.878333,0,0,938,84.2,,,,,,,,,,,,,,,,,,,,,,,        
-77.120981,38.878361,0,0,939,84,,,,,,,,,,,,,,,,,,,,,,,        
-77.120839,38.878461,0,0,940,83.8,,,,,,,,,,,,,,,,,,,,,,,        
-77.120821,38.878597,0,0,941,83.8,,,,,,,,,,,,,,,,,,,,,,,        
-77.120797,38.878625,0,0,942,84,,,,,,,,,,,,,,,,,,,,,,,        
-77.120675,38.878768,0,0,943,84.4,,,,,,,,,,,,,,,,,,,,,,,        
-77.120594,38.878872,0,0,944,84.6,,,,,,,,,,,,,,,,,,,,,,,        
-77.120427,38.879091,0,0,945,84,,,,,,,,,,,,,,,,,,,,,,,        
-77.120357,38.879205,0,0,946,85.6,,,,,,,,,,,,,,,,,,,,,,,        
-77.120302,38.879288,0,0,947,85.4,,,,,,,,,,,,,,,,,,,,,,,        
-77.120222,38.87938,0,0,948,84.4,,,,,,,,,,,,,,,,,,,,,,,        
-77.119952,38.879697,0,0,949,84.6,,,,,,,,,,,,,,,,,,,,,,,        
-77.119918,38.879739,0,0,950,84.4,,,,,,,,,,,,,,,,,,,,,,,        
-77.119858,38.879829,0,0,951,84.2,,,,,,,,,,,,,,,,,,,,,,,        
-77.119823,38.879871,0,0,952,84.2,,,,,,,,,,,,,,,,,,,,,,,        
-77.119752,38.879949,0,0,953,84,,,,,,,,,,,,,,,,,,,,,,,        
-77.119679,38.880031,0,0,954,84.4,,,,,,,,,,,,,,,,,,,,,,,        
-77.119606,38.880119,0,0,955,84.6,,,,,,,,,,,,,,,,,,,,,,,        
-77.119538,38.880204,0,0,956,84.4,,,,,,,,,,,,,,,,,,,,,,,        
-77.119357,38.880437,0,0,957,83.4,,,,,,,,,,,,,,,,,,,,,,,        
-77.1193,38.880511,0,0,958,83,,,,,,,,,,,,,,,,,,,,,,,        
-77.119234,38.880584,0,0,959,82.6,,,,,,,,,,,,,,,,,,,,,,,        
-77.119216,38.880605,0,0,960,82.4,,,,,,,,,,,,,,,,,,,,,,,        
-77.119201,38.880631,0,0,961,82.4,,,,,,,,,,,,,,,,,,,,,,,        
-77.119136,38.880782,0,0,962,82.2,,,,,,,,,,,,,,,,,,,,,,,        
-77.119107,38.880916,0,0,963,83.6,,,,,,,,,,,,,,,,,,,,,,,        
-77.119104,38.880946,0,0,964,83.6,,,,,,,,,,,,,,,,,,,,,,,        
-77.119034,38.881142,0,0,965,84.4,,,,,,,,,,,,,,,,,,,,,,,        
-77.119012,38.881211,0,0,966,84.6,,,,,,,,,,,,,,,,,,,,,,,        
-77.118967,38.88139,0,0,967,85,,,,,,,,,,,,,,,,,,,,,,,        
-77.118934,38.881526,0,0,968,85.6,,,,,,,,,,,,,,,,,,,,,,,        
-77.118913,38.881675,0,0,969,85.8,,,,,,,,,,,,,,,,,,,,,,,        
-77.118902,38.881803,0,0,970,85.2,,,,,,,,,,,,,,,,,,,,,,,        
-77.118864,38.881843,0,0,971,84.8,,,,,,,,,,,,,,,,,,,,,,,        
-77.118805,38.881866,0,0,972,84.6,,,,,,,,,,,,,,,,,,,,,,,        
-77.118674,38.881868,0,0,973,84.2,,,,,,,,,,,,,,,,,,,,,,,        
-77.118544,38.881861,0,0,974,84,,,,,,,,,,,,,,,,,,,,,,,        
-77.118402,38.881872,0,0,975,83.6,,,,,,,,,,,,,,,,,,,,,,,        
-77.118332,38.881879,0,0,976,83.4,,,,,,,,,,,,,,,,,,,,,,,        
-77.11826,38.881881,0,0,977,83.4,,,,,,,,,,,,,,,,,,,,,,,        
-77.11819,38.881878,0,0,978,83.4,,,,,,,,,,,,,,,,,,,,,,,        
-77.118062,38.88188,0,0,979,83.4,,,,,,,,,,,,,,,,,,,,,,,        
-77.117946,38.881875,0,0,980,83.4,,,,,,,,,,,,,,,,,,,,,,,        
-77.117781,38.881859,0,0,981,83.2,,,,,,,,,,,,,,,,,,,,,,,        
-77.117673,38.881854,0,0,982,83.2,,,,,,,,,,,,,,,,,,,,,,,        
-77.117457,38.881885,0,0,983,83.8,,,,,,,,,,,,,,,,,,,,,,,        
-77.117428,38.881947,0,0,984,84,,,,,,,,,,,,,,,,,,,,,,,        
-77.117431,38.881986,0,0,985,84,,,,,,,,,,,,,,,,,,,,,,,        
-77.117441,38.882027,0,0,986,84,,,,,,,,,,,,,,,,,,,,,,,        
-77.11751,38.882115,0,0,987,84,,,,,,,,,,,,,,,,,,,,,,,        
-77.117645,38.882105,0,0,988,84,,,,,,,,,,,,,,,,,,,,,,,        
-77.117934,38.882109,0,0,989,83.8,,,,,,,,,,,,,,,,,,,,,,,        
-77.117993,38.882107,0,0,990,83.8,,,,,,,,,,,,,,,,,,,,,,,        
-77.118241,38.882113,0,0,991,83.6,,,,,,,,,,,,,,,,,,,,,,,        
-77.118358,38.882134,0,0,992,83.6,,,,,,,,,,,,,,,,,,,,,,,        
-77.118589,38.882164,0,0,993,83.8,,,,,,,,,,,,,,,,,,,,,,,        
-77.118695,38.882179,0,0,994,84,,,,,,,,,,,,,,,,,,,,,,,        
-77.118805,38.882182,0,0,995,84.6,,,,,,,,,,,,,,,,,,,,,,,        
-77.118977,38.88221,0,0,996,85.8,,,,,,,,,,,,,,,,,,,,,,,        
-77.119176,38.882261,0,0,997,87,,,,,,,,,,,,,,,,,,,,,,,        
-77.119224,38.882273,0,0,998,87.2,,,,,,,,,,,,,,,,,,,,,,,        
-77.119381,38.882332,0,0,999,88.2,,,,,,,,,,,,,,,,,,,,,,,        
-77.119412,38.882345,0,0,1000,88.2,,,,,,,,,,,,,,,,,,,,,,,        
-77.119574,38.88242,0,0,1001,89.2,,,,,,,,,,,,,,,,,,,,,,,        
-77.119666,38.88247,0,0,1002,89.4,,,,,,,,,,,,,,,,,,,,,,,        
-77.119841,38.882576,0,0,1003,90.2,,,,,,,,,,,,,,,,,,,,,,,        
-77.120052,38.882672,0,0,1004,91.2,,,,,,,,,,,,,,,,,,,,,,,        
-77.12014,38.882692,0,0,1005,91.4,,,,,,,,,,,,,,,,,,,,,,,        
-77.120306,38.882764,0,0,1006,91.6,,,,,,,,,,,,,,,,,,,,,,,        
-77.120472,38.882842,0,0,1007,91.6,,,,,,,,,,,,,,,,,,,,,,,        
-77.120556,38.882869,0,0,1008,91.6,,,,,,,,,,,,,,,,,,,,,,,        
-77.120955,38.882924,0,0,1009,91,,,,,,,,,,,,,,,,,,,,,,,        
-77.121176,38.882935,0,0,1010,90.6,,,,,,,,,,,,,,,,,,,,,,,        
-77.121263,38.882977,0,0,1011,90.6,,,,,,,,,,,,,,,,,,,,,,,        
-77.121276,38.883024,0,0,1012,90.8,,,,,,,,,,,,,,,,,,,,,,,        
-77.121252,38.883041,0,0,1013,90.8,,,,,,,,,,,,,,,,,,,,,,,        
-77.121166,38.883057,0,0,1014,90.8,,,,,,,,,,,,,,,,,,,,,,,        
-77.121009,38.883084,0,0,1015,90.6,,,,,,,,,,,,,,,,,,,,,,,        
-77.120897,38.883139,0,0,1016,90,,,,,,,,,,,,,,,,,,,,,,,        
-77.1208,38.883214,0,0,1017,89.6,,,,,,,,,,,,,,,,,,,,,,,        
-77.120676,38.883344,0,0,1018,89.4,,,,,,,,,,,,,,,,,,,,,,,        
-77.120594,38.883423,0,0,1019,89.6,,,,,,,,,,,,,,,,,,,,,,,        
-77.120443,38.88358,0,0,1020,90,,,,,,,,,,,,,,,,,,,,,,,        
-77.120324,38.883731,0,0,1021,91.4,,,,,,,,,,,,,,,,,,,,,,,        
-77.120292,38.883769,0,0,1022,91.8,,,,,,,,,,,,,,,,,,,,,,,        
-77.120196,38.883895,0,0,1023,92.2,,,,,,,,,,,,,,,,,,,,,,,        
-77.120053,38.884187,0,0,1024,90.4,,,,,,,,,,,,,,,,,,,,,,,        
-77.120027,38.88425,0,0,1025,89.2,,,,,,,,,,,,,,,,,,,,,,,        
-77.119997,38.884312,0,0,1026,88.4,,,,,,,,,,,,,,,,,,,,,,,        
-77.119959,38.884371,0,0,1027,87.8,,,,,,,,,,,,,,,,,,,,,,,        
-77.119858,38.884492,0,0,1028,87,,,,,,,,,,,,,,,,,,,,,,,        
-77.119798,38.88455,0,0,1029,87,,,,,,,,,,,,,,,,,,,,,,,        
-77.119732,38.884604,0,0,1030,86.6,,,,,,,,,,,,,,,,,,,,,,,        
-77.11967,38.884662,0,0,1031,86.2,,,,,,,,,,,,,,,,,,,,,,,        
-77.119612,38.884727,0,0,1032,85.8,,,,,,,,,,,,,,,,,,,,,,,        
-77.119562,38.884792,0,0,1033,85.6,,,,,,,,,,,,,,,,,,,,,,,        
-77.119413,38.884975,0,0,1034,85.2,,,,,,,,,,,,,,,,,,,,,,,        
-77.119353,38.885031,0,0,1035,85.2,,,,,,,,,,,,,,,,,,,,,,,        
-77.119235,38.885135,0,0,1036,85.6,,,,,,,,,,,,,,,,,,,,,,,        
-77.119085,38.885282,0,0,1037,85,,,,,,,,,,,,,,,,,,,,,,,        
-77.118859,38.885605,0,0,1038,85.2,,,,,,,,,,,,,,,,,,,,,,,        
-77.118836,38.885785,0,0,1039,85.6,,,,,,,,,,,,,,,,,,,,,,,        
-77.11878,38.885876,0,0,1040,85.8,,,,,,,,,,,,,,,,,,,,,,,        
-77.118749,38.885929,0,0,1041,86,,,,,,,,,,,,,,,,,,,,,,,        
-77.118588,38.886133,0,0,1042,86.2,,,,,,,,,,,,,,,,,,,,,,,        
-77.118439,38.886307,0,0,1043,86.2,,,,,,,,,,,,,,,,,,,,,,,        
-77.118341,38.886383,0,0,1044,86.4,,,,,,,,,,,,,,,,,,,,,,,        
-77.118289,38.886412,0,0,1045,86.4,,,,,,,,,,,,,,,,,,,,,,,        
-77.11817,38.886464,0,0,1046,86.6,,,,,,,,,,,,,,,,,,,,,,,        
-77.118111,38.886493,0,0,1047,86.8,,,,,,,,,,,,,,,,,,,,,,,        
-77.117968,38.886585,0,0,1048,87,,,,,,,,,,,,,,,,,,,,,,,        
-77.117922,38.886597,0,0,1049,87,,,,,,,,,,,,,,,,,,,,,,,        
-77.117883,38.886612,0,0,1050,86.8,,,,,,,,,,,,,,,,,,,,,,,        
-77.117789,38.886695,0,0,1051,86.8,,,,,,,,,,,,,,,,,,,,,,,        
-77.117515,38.887001,0,0,1052,87.8,,,,,,,,,,,,,,,,,,,,,,,        
-77.117494,38.887036,0,0,1053,88,,,,,,,,,,,,,,,,,,,,,,,        
-77.117443,38.887155,0,0,1054,89,,,,,,,,,,,,,,,,,,,,,,,        
-77.11739,38.887242,0,0,1055,90,,,,,,,,,,,,,,,,,,,,,,,        
-77.117364,38.887261,0,0,1056,90.2,,,,,,,,,,,,,,,,,,,,,,,        
-77.117265,38.887322,0,0,1057,91.2,,,,,,,,,,,,,,,,,,,,,,,        
-77.117226,38.887335,0,0,1058,91.6,,,,,,,,,,,,,,,,,,,,,,,        
-77.117075,38.887373,0,0,1059,92.8,,,,,,,,,,,,,,,,,,,,,,,        
-77.117041,38.887379,0,0,1060,93,,,,,,,,,,,,,,,,,,,,,,,        
-77.116938,38.887411,0,0,1061,93.2,,,,,,,,,,,,,,,,,,,,,,,        
-77.116911,38.887414,0,0,1062,93.2,,,,,,,,,,,,,,,,,,,,,,,        
-77.116854,38.887439,0,0,1063,90.6,,,,,,,,,,,,,,,,,,,,,,,        
-77.116831,38.887455,0,0,1064,89.4,,,,,,,,,,,,,,,,,,,,,,,        
-77.116817,38.887476,0,0,1065,88.8,,,,,,,,,,,,,,,,,,,,,,,        
-77.116807,38.887499,0,0,1066,88.2,,,,,,,,,,,,,,,,,,,,,,,        
-77.1168,38.887526,0,0,1067,90.4,,,,,,,,,,,,,,,,,,,,,,,        
-77.116795,38.887555,0,0,1068,92.2,,,,,,,,,,,,,,,,,,,,,,,        
-77.116788,38.887586,0,0,1069,93.8,,,,,,,,,,,,,,,,,,,,,,,        
-77.116776,38.887638,0,0,1070,95,,,,,,,,,,,,,,,,,,,,,,,        
-77.116756,38.887693,0,0,1071,95.4,,,,,,,,,,,,,,,,,,,,,,,        
-77.116724,38.887772,0,0,1072,96,,,,,,,,,,,,,,,,,,,,,,,        
-77.116703,38.887779,0,0,1073,96,,,,,,,,,,,,,,,,,,,,,,,        
-77.116427,38.887894,0,0,1074,96.8,,,,,,,,,,,,,,,,,,,,,,,        
-77.11616,38.887965,0,0,1075,97.4,,,,,,,,,,,,,,,,,,,,,,,        
-77.116122,38.887969,0,0,1076,98.8,,,,,,,,,,,,,,,,,,,,,,,        
-77.116028,38.887989,0,0,1077,99.8,,,,,,,,,,,,,,,,,,,,,,,        
-77.115931,38.888008,0,0,1078,98.2,,,,,,,,,,,,,,,,,,,,,,,        
-77.115885,38.888021,0,0,1079,98,,,,,,,,,,,,,,,,,,,,,,,        
-77.115695,38.888078,0,0,1080,97.2,,,,,,,,,,,,,,,,,,,,,,,        
-77.115539,38.888105,0,0,1081,96.8,,,,,,,,,,,,,,,,,,,,,,,        
-77.115242,38.888176,0,0,1082,96.4,,,,,,,,,,,,,,,,,,,,,,,        
-77.115183,38.888188,0,0,1083,95.8,,,,,,,,,,,,,,,,,,,,,,,        
-77.115121,38.88821,0,0,1084,95.2,,,,,,,,,,,,,,,,,,,,,,,        
-77.11506,38.888235,0,0,1085,94.4,,,,,,,,,,,,,,,,,,,,,,,        
-77.114936,38.888272,0,0,1086,93.2,,,,,,,,,,,,,,,,,,,,,,,        
-77.114715,38.888315,0,0,1087,91.4,,,,,,,,,,,,,,,,,,,,,,,        
-77.114633,38.888335,0,0,1088,90.4,,,,,,,,,,,,,,,,,,,,,,,        
-77.114548,38.888354,0,0,1089,89.8,,,,,,,,,,,,,,,,,,,,,,,        
-77.114453,38.888381,0,0,1090,89,,,,,,,,,,,,,,,,,,,,,,,        
-77.11436,38.888409,0,0,1091,88.2,,,,,,,,,,,,,,,,,,,,,,,        
-77.114174,38.888458,0,0,1092,87.2,,,,,,,,,,,,,,,,,,,,,,,        
-77.113732,38.888589,0,0,1093,87.8,,,,,,,,,,,,,,,,,,,,,,,        
-77.113589,38.888624,0,0,1094,88.4,,,,,,,,,,,,,,,,,,,,,,,        
-77.113404,38.888661,0,0,1095,89.2,,,,,,,,,,,,,,,,,,,,,,,        
-77.113304,38.888686,0,0,1096,89.8,,,,,,,,,,,,,,,,,,,,,,,        
-77.113167,38.888712,0,0,1097,91,,,,,,,,,,,,,,,,,,,,,,,        
-77.112829,38.888784,0,0,1098,91.6,,,,,,,,,,,,,,,,,,,,,,,        
-77.112603,38.888849,0,0,1099,91.6,,,,,,,,,,,,,,,,,,,,,,,        
-77.112534,38.888864,0,0,1100,91.4,,,,,,,,,,,,,,,,,,,,,,,        
-77.112295,38.888912,0,0,1101,89.6,,,,,,,,,,,,,,,,,,,,,,,        
-77.112211,38.888933,0,0,1102,88.8,,,,,,,,,,,,,,,,,,,,,,,        
-77.112123,38.888954,0,0,1103,88,,,,,,,,,,,,,,,,,,,,,,,        
-77.111949,38.888993,0,0,1104,86.6,,,,,,,,,,,,,,,,,,,,,,,        
-77.111764,38.889034,0,0,1105,84.8,,,,,,,,,,,,,,,,,,,,,,,        
-77.111562,38.889081,0,0,1106,82.8,,,,,,,,,,,,,,,,,,,,,,,        
-77.111362,38.889107,0,0,1107,81,,,,,,,,,,,,,,,,,,,,,,,        
-77.11117,38.889147,0,0,1108,79.4,,,,,,,,,,,,,,,,,,,,,,,        
-77.111066,38.889173,0,0,1109,78.6,,,,,,,,,,,,,,,,,,,,,,,        
-77.110966,38.8892,0,0,1110,78.2,,,,,,,,,,,,,,,,,,,,,,,        
-77.110574,38.889304,0,0,1111,77,,,,,,,,,,,,,,,,,,,,,,,        
-77.11048,38.88933,0,0,1112,76.8,,,,,,,,,,,,,,,,,,,,,,,        
-77.110021,38.889449,0,0,1113,77,,,,,,,,,,,,,,,,,,,,,,,        
-77.109343,38.889618,0,0,1114,76.8,,,,,,,,,,,,,,,,,,,,,,,        
-77.108776,38.889779,0,0,1115,77.2,,,,,,,,,,,,,,,,,,,,,,,        
-77.108354,38.889874,0,0,1116,76.4,,,,,,,,,,,,,,,,,,,,,,,        
-77.108275,38.889879,0,0,1117,76.2,,,,,,,,,,,,,,,,,,,,,,,        
-77.108115,38.889893,0,0,1118,76,,,,,,,,,,,,,,,,,,,,,,,        
-77.10804,38.889926,0,0,1119,76,,,,,,,,,,,,,,,,,,,,,,,        
-77.107898,38.889981,0,0,1120,76.8,,,,,,,,,,,,,,,,,,,,,,,        
-77.107843,38.890006,0,0,1121,77.6,,,,,,,,,,,,,,,,,,,,,,,        
-77.107756,38.890037,0,0,1122,79.2,,,,,,,,,,,,,,,,,,,,,,,        
-77.107717,38.890054,0,0,1123,79.8,,,,,,,,,,,,,,,,,,,,,,,        
-77.107684,38.890066,0,0,1124,80.2,,,,,,,,,,,,,,,,,,,,,,,        
-77.107587,38.890098,0,0,1125,81.6,,,,,,,,,,,,,,,,,,,,,,,        
-77.107557,38.890115,0,0,1126,81.8,,,,,,,,,,,,,,,,,,,,,,,        
-77.107429,38.890182,0,0,1127,83,,,,,,,,,,,,,,,,,,,,,,,        
-77.107306,38.890229,0,0,1128,84,,,,,,,,,,,,,,,,,,,,,,,        
-77.107183,38.890294,0,0,1129,85.4,,,,,,,,,,,,,,,,,,,,,,,        
-77.107152,38.890313,0,0,1130,86.4,,,,,,,,,,,,,,,,,,,,,,,        
-77.107125,38.890329,0,0,1131,88.6,,,,,,,,,,,,,,,,,,,,,,,        
-77.107095,38.890347,0,0,1132,89.8,,,,,,,,,,,,,,,,,,,,,,,        
-77.107013,38.890409,0,0,1133,87.2,,,,,,,,,,,,,,,,,,,,,,,        
-77.106988,38.890433,0,0,1134,86,,,,,,,,,,,,,,,,,,,,,,,        
-77.106957,38.890457,0,0,1135,85,,,,,,,,,,,,,,,,,,,,,,,        
-77.10692,38.890492,0,0,1136,84.2,,,,,,,,,,,,,,,,,,,,,,,        
-77.106814,38.890542,0,0,1137,83.2,,,,,,,,,,,,,,,,,,,,,,,        
-77.106752,38.890548,0,0,1138,83,,,,,,,,,,,,,,,,,,,,,,,        
-77.106676,38.890549,0,0,1139,82.8,,,,,,,,,,,,,,,,,,,,,,,        
-77.106519,38.89054,0,0,1140,81.8,,,,,,,,,,,,,,,,,,,,,,,        
-77.106438,38.890532,0,0,1141,81.2,,,,,,,,,,,,,,,,,,,,,,,        
-77.106358,38.89052,0,0,1142,80.8,,,,,,,,,,,,,,,,,,,,,,,        
-77.106187,38.890515,0,0,1143,80.2,,,,,,,,,,,,,,,,,,,,,,,        
-77.106094,38.890515,0,0,1144,80,,,,,,,,,,,,,,,,,,,,,,,        
-77.106005,38.890537,0,0,1145,79.8,,,,,,,,,,,,,,,,,,,,,,,        
-77.105922,38.890576,0,0,1146,79.6,,,,,,,,,,,,,,,,,,,,,,,        
-77.105847,38.890624,0,0,1147,79.4,,,,,,,,,,,,,,,,,,,,,,,        
-77.10572,38.890758,0,0,1148,78.2,,,,,,,,,,,,,,,,,,,,,,,        
-77.10554,38.890945,0,0,1149,77.2,,,,,,,,,,,,,,,,,,,,,,,        
-77.105469,38.891017,0,0,1150,77,,,,,,,,,,,,,,,,,,,,,,,        
-77.10527,38.891142,0,0,1151,76.2,,,,,,,,,,,,,,,,,,,,,,,        
-77.10518,38.89116,0,0,1152,75.8,,,,,,,,,,,,,,,,,,,,,,,        
-77.104958,38.891143,0,0,1153,75.4,,,,,,,,,,,,,,,,,,,,,,,        
-77.104789,38.891149,0,0,1154,76,,,,,,,,,,,,,,,,,,,,,,,        
-77.104705,38.891144,0,0,1155,76.2,,,,,,,,,,,,,,,,,,,,,,,        
-77.104468,38.89111,0,0,1156,76.8,,,,,,,,,,,,,,,,,,,,,,,        
-77.104393,38.891084,0,0,1157,76.8,,,,,,,,,,,,,,,,,,,,,,,        
-77.104322,38.891053,0,0,1158,76.8,,,,,,,,,,,,,,,,,,,,,,,        
-77.104183,38.890986,0,0,1159,76.6,,,,,,,,,,,,,,,,,,,,,,,        
-77.10411,38.890961,0,0,1160,76.6,,,,,,,,,,,,,,,,,,,,,,,        
-77.104032,38.89094,0,0,1161,76.6,,,,,,,,,,,,,,,,,,,,,,,        
-77.103883,38.890938,0,0,1162,76.6,,,,,,,,,,,,,,,,,,,,,,,        
-77.103737,38.890965,0,0,1163,76.6,,,,,,,,,,,,,,,,,,,,,,,        
-77.103593,38.891012,0,0,1164,76.4,,,,,,,,,,,,,,,,,,,,,,,        
-77.103302,38.891155,0,0,1165,76.6,,,,,,,,,,,,,,,,,,,,,,,        
-77.103132,38.891299,0,0,1166,78.2,,,,,,,,,,,,,,,,,,,,,,,        
-77.103087,38.891345,0,0,1167,79.4,,,,,,,,,,,,,,,,,,,,,,,        
-77.103018,38.891415,0,0,1168,80.4,,,,,,,,,,,,,,,,,,,,,,,        
-77.102883,38.891517,0,0,1169,81.8,,,,,,,,,,,,,,,,,,,,,,,        
-77.10281,38.891571,0,0,1170,82,,,,,,,,,,,,,,,,,,,,,,,        
-77.102617,38.891818,0,0,1171,82,,,,,,,,,,,,,,,,,,,,,,,        
-77.102466,38.891873,0,0,1172,81.2,,,,,,,,,,,,,,,,,,,,,,,        
-77.102361,38.891918,0,0,1173,80.8,,,,,,,,,,,,,,,,,,,,,,,        
-77.102303,38.891953,0,0,1174,80.4,,,,,,,,,,,,,,,,,,,,,,,        
-77.102109,38.892072,0,0,1175,79.2,,,,,,,,,,,,,,,,,,,,,,,        
-77.102038,38.892117,0,0,1176,78.6,,,,,,,,,,,,,,,,,,,,,,,        
-77.101962,38.892164,0,0,1177,77.8,,,,,,,,,,,,,,,,,,,,,,,        
-77.10181,38.892278,0,0,1178,76,,,,,,,,,,,,,,,,,,,,,,,        
-77.101734,38.892347,0,0,1179,75.2,,,,,,,,,,,,,,,,,,,,,,,        
-77.101659,38.892417,0,0,1180,74,,,,,,,,,,,,,,,,,,,,,,,        
-77.101582,38.892495,0,0,1181,72.8,,,,,,,,,,,,,,,,,,,,,,,        
-77.101511,38.892573,0,0,1182,71.8,,,,,,,,,,,,,,,,,,,,,,,        
-77.10139,38.892721,0,0,1183,71,,,,,,,,,,,,,,,,,,,,,,,        
-77.101172,38.893071,0,0,1184,71.2,,,,,,,,,,,,,,,,,,,,,,,        
-77.100943,38.893487,0,0,1185,70.8,,,,,,,,,,,,,,,,,,,,,,,        
-77.100909,38.893555,0,0,1186,70.6,,,,,,,,,,,,,,,,,,,,,,,        
-77.100767,38.893885,0,0,1187,70.8,,,,,,,,,,,,,,,,,,,,,,,        
-77.100549,38.894389,0,0,1188,71.2,,,,,,,,,,,,,,,,,,,,,,,        
-77.100455,38.894664,0,0,1189,71.8,,,,,,,,,,,,,,,,,,,,,,,        
-77.100438,38.894719,0,0,1190,71.8,,,,,,,,,,,,,,,,,,,,,,,        
-77.100381,38.894918,0,0,1191,72.8,,,,,,,,,,,,,,,,,,,,,,,        
-77.10035,38.89501,0,0,1192,73.2,,,,,,,,,,,,,,,,,,,,,,,        
-77.100336,38.895053,0,0,1193,73.4,,,,,,,,,,,,,,,,,,,,,,,        
-77.100288,38.895229,0,0,1194,73.6,,,,,,,,,,,,,,,,,,,,,,,        
-77.100284,38.895273,0,0,1195,73.8,,,,,,,,,,,,,,,,,,,,,,,        
-77.100283,38.895314,0,0,1196,74,,,,,,,,,,,,,,,,,,,,,,,        
-77.1003,38.895477,0,0,1197,74.4,,,,,,,,,,,,,,,,,,,,,,,        
-77.100329,38.895646,0,0,1198,75,,,,,,,,,,,,,,,,,,,,,,,        
-77.100319,38.895769,0,0,1199,76,,,,,,,,,,,,,,,,,,,,,,,        
-77.100088,38.896132,0,0,1200,76.2,,,,,,,,,,,,,,,,,,,,,,,        
-77.099886,38.896424,0,0,1201,76.4,,,,,,,,,,,,,,,,,,,,,,,        
-77.099833,38.896491,0,0,1202,76.4,,,,,,,,,,,,,,,,,,,,,,,        
-77.099764,38.896529,0,0,1203,76,,,,,,,,,,,,,,,,,,,,,,,        
-77.099655,38.896599,0,0,1204,74.8,,,,,,,,,,,,,,,,,,,,,,,        
-77.099529,38.896669,0,0,1205,73.6,,,,,,,,,,,,,,,,,,,,,,,        
-77.099429,38.896643,0,0,1206,72.8,,,,,,,,,,,,,,,,,,,,,,,        
-77.099407,38.896612,0,0,1207,72.4,,,,,,,,,,,,,,,,,,,,,,,        
-77.099435,38.896543,0,0,1208,72,,,,,,,,,,,,,,,,,,,,,,,        
-77.099584,38.896519,0,0,1209,71.4,,,,,,,,,,,,,,,,,,,,,,,        
-77.099667,38.896478,0,0,1210,70.8,,,,,,,,,,,,,,,,,,,,,,,        
-77.099681,38.896448,0,0,1211,70.4,,,,,,,,,,,,,,,,,,,,,,,        
-77.09968,38.896423,0,0,1212,70,,,,,,,,,,,,,,,,,,,,,,,        
-77.099665,38.896403,0,0,1213,69.4,,,,,,,,,,,,,,,,,,,,,,,        
-77.099633,38.896387,0,0,1214,69,,,,,,,,,,,,,,,,,,,,,,,        
-77.099589,38.896374,0,0,1215,68.6,,,,,,,,,,,,,,,,,,,,,,,        
-77.099468,38.896346,0,0,1216,67.2,,,,,,,,,,,,,,,,,,,,,,,        
-77.099324,38.896316,0,0,1217,66.4,,,,,,,,,,,,,,,,,,,,,,,        
-77.099254,38.8963,0,0,1218,66,,,,,,,,,,,,,,,,,,,,,,,        
-77.09904,38.896253,0,0,1219,64.8,,,,,,,,,,,,,,,,,,,,,,,        
-77.098912,38.896246,0,0,1220,63.8,,,,,,,,,,,,,,,,,,,,,,,        
-77.098866,38.896249,0,0,1221,63.4,,,,,,,,,,,,,,,,,,,,,,,        
-77.098826,38.896243,0,0,1222,62.8,,,,,,,,,,,,,,,,,,,,,,,        
-77.098776,38.896226,0,0,1223,62.2,,,,,,,,,,,,,,,,,,,,,,,        
-77.098712,38.896221,0,0,1224,61.8,,,,,,,,,,,,,,,,,,,,,,,        
-77.098346,38.896179,0,0,1225,61,,,,,,,,,,,,,,,,,,,,,,,        
-77.098133,38.896162,0,0,1226,60.6,,,,,,,,,,,,,,,,,,,,,,,        
-77.09799,38.896213,0,0,1227,60.4,,,,,,,,,,,,,,,,,,,,,,,        
-77.097922,38.896223,0,0,1228,60.6,,,,,,,,,,,,,,,,,,,,,,,        
-77.097866,38.896262,0,0,1229,60.6,,,,,,,,,,,,,,,,,,,,,,,        
-77.097716,38.896379,0,0,1230,60.8,,,,,,,,,,,,,,,,,,,,,,,        
-77.097429,38.896599,0,0,1231,61.6,,,,,,,,,,,,,,,,,,,,,,,        
-77.097373,38.896631,0,0,1232,61.6,,,,,,,,,,,,,,,,,,,,,,,        
-77.097151,38.896736,0,0,1233,62,,,,,,,,,,,,,,,,,,,,,,,        
-77.096919,38.896837,0,0,1234,62.8,,,,,,,,,,,,,,,,,,,,,,,        
-77.096884,38.896858,0,0,1235,63,,,,,,,,,,,,,,,,,,,,,,,        
-77.096721,38.896922,0,0,1236,63.6,,,,,,,,,,,,,,,,,,,,,,,        
-77.096444,38.897009,0,0,1237,64,,,,,,,,,,,,,,,,,,,,,,,        
-77.096175,38.897098,0,0,1238,64.2,,,,,,,,,,,,,,,,,,,,,,,        
-77.09606,38.897133,0,0,1239,64.2,,,,,,,,,,,,,,,,,,,,,,,        
-77.095764,38.897235,0,0,1240,65,,,,,,,,,,,,,,,,,,,,,,,        
-77.095651,38.897271,0,0,1241,65,,,,,,,,,,,,,,,,,,,,,,,        
-77.095595,38.89729,0,0,1242,65,,,,,,,,,,,,,,,,,,,,,,,        
-77.0951,38.89745,0,0,1243,65,,,,,,,,,,,,,,,,,,,,,,,        
-77.094847,38.897511,0,0,1244,64.8,,,,,,,,,,,,,,,,,,,,,,,        
-77.094641,38.897549,0,0,1245,64.6,,,,,,,,,,,,,,,,,,,,,,,        
-77.09449,38.897577,0,0,1246,64,,,,,,,,,,,,,,,,,,,,,,,        
-77.094257,38.897619,0,0,1247,62.8,,,,,,,,,,,,,,,,,,,,,,,        
-77.093752,38.897692,0,0,1248,61.8,,,,,,,,,,,,,,,,,,,,,,,        
-77.093572,38.897719,0,0,1249,61.4,,,,,,,,,,,,,,,,,,,,,,,        
-77.093299,38.89776,0,0,1250,60.6,,,,,,,,,,,,,,,,,,,,,,,        
-77.09292,38.897803,0,0,1251,59.6,,,,,,,,,,,,,,,,,,,,,,,        
-77.092832,38.897806,0,0,1252,59.4,,,,,,,,,,,,,,,,,,,,,,,        
-77.092585,38.897827,0,0,1253,59.2,,,,,,,,,,,,,,,,,,,,,,,        
-77.092279,38.89785,0,0,1254,60.6,,,,,,,,,,,,,,,,,,,,,,,        
-77.092208,38.897855,0,0,1255,61,,,,,,,,,,,,,,,,,,,,,,,        
-77.091916,38.897882,0,0,1256,61.4,,,,,,,,,,,,,,,,,,,,,,,        
-77.091752,38.897907,0,0,1257,61.2,,,,,,,,,,,,,,,,,,,,,,,        
-77.091384,38.89795,0,0,1258,61.6,,,,,,,,,,,,,,,,,,,,,,,        
-77.091322,38.897957,0,0,1259,61.8,,,,,,,,,,,,,,,,,,,,,,,        
-77.090917,38.89802,0,0,1260,61.6,,,,,,,,,,,,,,,,,,,,,,,        
-77.090752,38.898032,0,0,1261,60.6,,,,,,,,,,,,,,,,,,,,,,,        
-77.09057,38.89806,0,0,1262,59,,,,,,,,,,,,,,,,,,,,,,,        
-77.090474,38.89807,0,0,1263,58.4,,,,,,,,,,,,,,,,,,,,,,,        
-77.090278,38.898091,0,0,1264,58,,,,,,,,,,,,,,,,,,,,,,,        
-77.089908,38.898111,0,0,1265,57.8,,,,,,,,,,,,,,,,,,,,,,,        
-77.089708,38.89813,0,0,1266,59.4,,,,,,,,,,,,,,,,,,,,,,,        
-77.089652,38.89814,0,0,1267,60,,,,,,,,,,,,,,,,,,,,,,,        
-77.089601,38.89815,0,0,1268,60.6,,,,,,,,,,,,,,,,,,,,,,,        
-77.089468,38.898159,0,0,1269,61.8,,,,,,,,,,,,,,,,,,,,,,,        
-77.08943,38.898155,0,0,1270,62.2,,,,,,,,,,,,,,,,,,,,,,,        
-77.089321,38.898154,0,0,1271,63.2,,,,,,,,,,,,,,,,,,,,,,,        
-77.089217,38.898167,0,0,1272,64.2,,,,,,,,,,,,,,,,,,,,,,,        
-77.089182,38.898172,0,0,1273,64.4,,,,,,,,,,,,,,,,,,,,,,,        
-77.089003,38.898207,0,0,1274,65.6,,,,,,,,,,,,,,,,,,,,,,,        
-77.08875,38.898224,0,0,1275,66.6,,,,,,,,,,,,,,,,,,,,,,,        
-77.088677,38.89823,0,0,1276,66.8,,,,,,,,,,,,,,,,,,,,,,,        
-77.088442,38.898263,0,0,1277,67.6,,,,,,,,,,,,,,,,,,,,,,,        
-77.088396,38.898261,0,0,1278,67.6,,,,,,,,,,,,,,,,,,,,,,,        
-77.088123,38.898262,0,0,1279,68.4,,,,,,,,,,,,,,,,,,,,,,,        
-77.088082,38.898256,0,0,1280,68.6,,,,,,,,,,,,,,,,,,,,,,,        
-77.088,38.89824,0,0,1281,68.6,,,,,,,,,,,,,,,,,,,,,,,        
-77.087887,38.898224,0,0,1282,68.6,,,,,,,,,,,,,,,,,,,,,,,        
-77.087586,38.898204,0,0,1283,68.4,,,,,,,,,,,,,,,,,,,,,,,        
-77.087388,38.898178,0,0,1284,67.6,,,,,,,,,,,,,,,,,,,,,,,        
-77.087236,38.898147,0,0,1285,66.4,,,,,,,,,,,,,,,,,,,,,,,        
-77.087068,38.898119,0,0,1286,64.8,,,,,,,,,,,,,,,,,,,,,,,        
-77.08689,38.898083,0,0,1287,63.6,,,,,,,,,,,,,,,,,,,,,,,        
-77.0868,38.898063,0,0,1288,63.4,,,,,,,,,,,,,,,,,,,,,,,        
-77.086521,38.897988,0,0,1289,62.4,,,,,,,,,,,,,,,,,,,,,,,        
-77.086233,38.897896,0,0,1290,61.8,,,,,,,,,,,,,,,,,,,,,,,        
-77.086145,38.897858,0,0,1291,61.4,,,,,,,,,,,,,,,,,,,,,,,        
-77.086059,38.897819,0,0,1292,61.2,,,,,,,,,,,,,,,,,,,,,,,        
-77.08589,38.897737,0,0,1293,60.8,,,,,,,,,,,,,,,,,,,,,,,        
-77.085333,38.897464,0,0,1294,60.2,,,,,,,,,,,,,,,,,,,,,,,        
-77.085252,38.897431,0,0,1295,60.2,,,,,,,,,,,,,,,,,,,,,,,        
-77.085183,38.897386,0,0,1296,60,,,,,,,,,,,,,,,,,,,,,,,        
-77.085072,38.89729,0,0,1297,60,,,,,,,,,,,,,,,,,,,,,,,        
-77.08503,38.897243,0,0,1298,60,,,,,,,,,,,,,,,,,,,,,,,        
-77.084944,38.897119,0,0,1299,60.6,,,,,,,,,,,,,,,,,,,,,,,        
-77.08491,38.897057,0,0,1300,61.4,,,,,,,,,,,,,,,,,,,,,,,        
-77.084879,38.896996,0,0,1301,62.2,,,,,,,,,,,,,,,,,,,,,,,        
-77.084863,38.896966,0,0,1302,62.6,,,,,,,,,,,,,,,,,,,,,,,        
-77.08483,38.896854,0,0,1303,63.4,,,,,,,,,,,,,,,,,,,,,,,        
-77.084814,38.896799,0,0,1304,63.8,,,,,,,,,,,,,,,,,,,,,,,        
-77.084732,38.896759,0,0,1305,64.6,,,,,,,,,,,,,,,,,,,,,,,        
-77.084643,38.896745,0,0,1306,64.8,,,,,,,,,,,,,,,,,,,,,,,        
-77.084563,38.89678,0,0,1307,65,,,,,,,,,,,,,,,,,,,,,,,        
-77.084271,38.896885,0,0,1308,64.2,,,,,,,,,,,,,,,,,,,,,,,        
-77.084052,38.896958,0,0,1309,63.8,,,,,,,,,,,,,,,,,,,,,,,        
-77.083879,38.897009,0,0,1310,64,,,,,,,,,,,,,,,,,,,,,,,        
-77.083417,38.897123,0,0,1311,63.4,,,,,,,,,,,,,,,,,,,,,,,        
-77.083346,38.897136,0,0,1312,63.2,,,,,,,,,,,,,,,,,,,,,,,        
-77.083275,38.897149,0,0,1313,62.8,,,,,,,,,,,,,,,,,,,,,,,        
-77.082929,38.897228,0,0,1314,61.8,,,,,,,,,,,,,,,,,,,,,,,        
-77.082718,38.897286,0,0,1315,61.4,,,,,,,,,,,,,,,,,,,,,,,        
-77.082646,38.897309,0,0,1316,61.4,,,,,,,,,,,,,,,,,,,,,,,        
-77.082502,38.897337,0,0,1317,61.2,,,,,,,,,,,,,,,,,,,,,,,        
-77.082421,38.897332,0,0,1318,61.2,,,,,,,,,,,,,,,,,,,,,,,        
-77.08234,38.897323,0,0,1319,61,,,,,,,,,,,,,,,,,,,,,,,        
-77.082091,38.897312,0,0,1320,60.4,,,,,,,,,,,,,,,,,,,,,,,        
-77.082011,38.897307,0,0,1321,60,,,,,,,,,,,,,,,,,,,,,,,        
-77.081933,38.897299,0,0,1322,59.6,,,,,,,,,,,,,,,,,,,,,,,        
-77.081855,38.89729,0,0,1323,59.4,,,,,,,,,,,,,,,,,,,,,,,        
-77.081631,38.897292,0,0,1324,59,,,,,,,,,,,,,,,,,,,,,,,        
-77.081487,38.897297,0,0,1325,58.8,,,,,,,,,,,,,,,,,,,,,,,        
-77.08141,38.897304,0,0,1326,58.4,,,,,,,,,,,,,,,,,,,,,,,        
-77.081167,38.897333,0,0,1327,57.2,,,,,,,,,,,,,,,,,,,,,,,        
-77.08108,38.89735,0,0,1328,57,,,,,,,,,,,,,,,,,,,,,,,        
-77.080913,38.897381,0,0,1329,56.2,,,,,,,,,,,,,,,,,,,,,,,        
-77.080834,38.897402,0,0,1330,55.8,,,,,,,,,,,,,,,,,,,,,,,        
-77.080671,38.897461,0,0,1331,55,,,,,,,,,,,,,,,,,,,,,,,        
-77.080495,38.897523,0,0,1332,53.8,,,,,,,,,,,,,,,,,,,,,,,        
-77.08025,38.897595,0,0,1333,52.8,,,,,,,,,,,,,,,,,,,,,,,        
-77.080182,38.897626,0,0,1334,52.4,,,,,,,,,,,,,,,,,,,,,,,        
-77.080059,38.897685,0,0,1335,51.8,,,,,,,,,,,,,,,,,,,,,,,        
-77.079914,38.897713,0,0,1336,51,,,,,,,,,,,,,,,,,,,,,,,        
-77.079838,38.897731,0,0,1337,50.6,,,,,,,,,,,,,,,,,,,,,,,        
-77.079695,38.897802,0,0,1338,49.6,,,,,,,,,,,,,,,,,,,,,,,        
-77.079622,38.897843,0,0,1339,49.2,,,,,,,,,,,,,,,,,,,,,,,        
-77.07948,38.897915,0,0,1340,48,,,,,,,,,,,,,,,,,,,,,,,        
-77.07934,38.89799,0,0,1341,47.2,,,,,,,,,,,,,,,,,,,,,,,        
-77.079263,38.898032,0,0,1342,46.8,,,,,,,,,,,,,,,,,,,,,,,        
-77.079104,38.898114,0,0,1343,46.2,,,,,,,,,,,,,,,,,,,,,,,        
-77.079017,38.898155,0,0,1344,46,,,,,,,,,,,,,,,,,,,,,,,        
-77.078925,38.898199,0,0,1345,45.8,,,,,,,,,,,,,,,,,,,,,,,        
-77.078828,38.898241,0,0,1346,45.2,,,,,,,,,,,,,,,,,,,,,,,        
-77.07872,38.898284,0,0,1347,44.4,,,,,,,,,,,,,,,,,,,,,,,        
-77.078611,38.898319,0,0,1348,43.2,,,,,,,,,,,,,,,,,,,,,,,        
-77.078501,38.898355,0,0,1349,42,,,,,,,,,,,,,,,,,,,,,,,        
-77.078391,38.898398,0,0,1350,41,,,,,,,,,,,,,,,,,,,,,,,        
-77.078174,38.898479,0,0,1351,39.4,,,,,,,,,,,,,,,,,,,,,,,        
-77.078066,38.898512,0,0,1352,38.8,,,,,,,,,,,,,,,,,,,,,,,        
-77.077517,38.898704,0,0,1353,39,,,,,,,,,,,,,,,,,,,,,,,        
-77.077247,38.89877,0,0,1354,39.8,,,,,,,,,,,,,,,,,,,,,,,        
-77.076911,38.898855,0,0,1355,40,,,,,,,,,,,,,,,,,,,,,,,        
-77.076721,38.89888,0,0,1356,39.4,,,,,,,,,,,,,,,,,,,,,,,        
-77.076494,38.898914,0,0,1357,37.4,,,,,,,,,,,,,,,,,,,,,,,        
-77.076259,38.898961,0,0,1358,35.8,,,,,,,,,,,,,,,,,,,,,,,        
-77.076037,38.899,0,0,1359,34.6,,,,,,,,,,,,,,,,,,,,,,,        
-77.075826,38.899047,0,0,1360,34,,,,,,,,,,,,,,,,,,,,,,,        
-77.07573,38.899074,0,0,1361,33.8,,,,,,,,,,,,,,,,,,,,,,,        
-77.075464,38.899101,0,0,1362,33.4,,,,,,,,,,,,,,,,,,,,,,,        
-77.075287,38.899115,0,0,1363,32.8,,,,,,,,,,,,,,,,,,,,,,,        
-77.074679,38.89915,0,0,1364,32.4,,,,,,,,,,,,,,,,,,,,,,,        
-77.074418,38.899165,0,0,1365,32.4,,,,,,,,,,,,,,,,,,,,,,,        
-77.073986,38.89918,0,0,1366,32.6,,,,,,,,,,,,,,,,,,,,,,,        
-77.073662,38.89918,0,0,1367,32.4,,,,,,,,,,,,,,,,,,,,,,,        
-77.073255,38.899183,0,0,1368,32.2,,,,,,,,,,,,,,,,,,,,,,,        
-77.07282,38.899186,0,0,1369,31.2,,,,,,,,,,,,,,,,,,,,,,,        
-77.072548,38.899184,0,0,1370,30.4,,,,,,,,,,,,,,,,,,,,,,,        
-77.072456,38.899176,0,0,1371,29.6,,,,,,,,,,,,,,,,,,,,,,,        
-77.072276,38.899169,0,0,1372,28.4,,,,,,,,,,,,,,,,,,,,,,,        
-77.072073,38.899158,0,0,1373,27.8,,,,,,,,,,,,,,,,,,,,,,,        
-77.071742,38.899142,0,0,1374,27.2,,,,,,,,,,,,,,,,,,,,,,,        
-77.071596,38.89914,0,0,1375,26.8,,,,,,,,,,,,,,,,,,,,,,,        
-77.071522,38.899138,0,0,1376,26.6,,,,,,,,,,,,,,,,,,,,,,,        
-77.071218,38.899118,0,0,1377,27,,,,,,,,,,,,,,,,,,,,,,,        
-77.07117,38.899119,0,0,1378,27.2,,,,,,,,,,,,,,,,,,,,,,,        
-77.070943,38.899114,0,0,1379,27.6,,,,,,,,,,,,,,,,,,,,,,,        
-77.070929,38.899116,0,0,1380,27.6,,,,,,,,,,,,,,,,,,,,,,,        
-77.070919,38.899117,0,0,1381,27.6,,,,,,,,,,,,,,,,,,,,,,,        
-77.070919,38.899117,0,0,1382,27.6,,,,,,,,,,,,,,,,,,,,,,,        
-77.070917,38.899117,0,0,1383,27.4,,,,,,,,,,,,,,,,,,,,,,,        
-77.07087,38.899116,0,0,1384,27.4,,,,,,,,,,,,,,,,,,,,,,,        
-77.070706,38.89912,0,0,1385,27.2,,,,,,,,,,,,,,,,,,,,,,,        
-77.070657,38.899122,0,0,1386,27.2,,,,,,,,,,,,,,,,,,,,,,,        
-77.070303,38.899068,0,0,1387,26.8,,,,,,,,,,,,,,,,,,,,,,,        
-77.070154,38.899033,0,0,1388,25.8,,,,,,,,,,,,,,,,,,,,,,,        
-77.069987,38.898999,0,0,1389,24.6,,,,,,,,,,,,,,,,,,,,,,,        
-77.069901,38.898981,0,0,1390,24.2,,,,,,,,,,,,,,,,,,,,,,,        
-77.06973,38.898942,0,0,1391,23.4,,,,,,,,,,,,,,,,,,,,,,,        
-77.06964,38.898931,0,0,1392,23.2,,,,,,,,,,,,,,,,,,,,,,,        
-77.069368,38.898904,0,0,1393,22.8,,,,,,,,,,,,,,,,,,,,,,,        
-77.069031,38.898818,0,0,1394,22.8,,,,,,,,,,,,,,,,,,,,,,,        
-77.068896,38.898751,0,0,1395,22.8,,,,,,,,,,,,,,,,,,,,,,,        
-77.068756,38.898632,0,0,1396,23.4,,,,,,,,,,,,,,,,,,,,,,,        
-77.068723,38.898586,0,0,1397,23.4,,,,,,,,,,,,,,,,,,,,,,,        
-77.068619,38.898382,0,0,1398,23,,,,,,,,,,,,,,,,,,,,,,,        
-77.068584,38.898341,0,0,1399,22.6,,,,,,,,,,,,,,,,,,,,,,,        
-77.068545,38.898302,0,0,1400,22.2,,,,,,,,,,,,,,,,,,,,,,,        
-77.068424,38.898194,0,0,1401,21,,,,,,,,,,,,,,,,,,,,,,,        
-77.068372,38.898177,0,0,1402,20.6,,,,,,,,,,,,,,,,,,,,,,,        
-77.068318,38.898175,0,0,1403,20.4,,,,,,,,,,,,,,,,,,,,,,,        
-77.068211,38.898185,0,0,1404,19.8,,,,,,,,,,,,,,,,,,,,,,,        
-77.068152,38.898194,0,0,1405,19.6,,,,,,,,,,,,,,,,,,,,,,,        
-77.068091,38.898205,0,0,1406,19.4,,,,,,,,,,,,,,,,,,,,,,,        
-77.0679,38.898247,0,0,1407,18.6,,,,,,,,,,,,,,,,,,,,,,,        
-77.067802,38.898299,0,0,1408,18.6,,,,,,,,,,,,,,,,,,,,,,,        
-77.067708,38.898465,0,0,1409,17.8,,,,,,,,,,,,,,,,,,,,,,,        
-77.06768,38.898493,0,0,1410,17.8,,,,,,,,,,,,,,,,,,,,,,,        
-77.067643,38.898499,0,0,1411,17.6,,,,,,,,,,,,,,,,,,,,,,,        
-77.067613,38.898491,0,0,1412,17.6,,,,,,,,,,,,,,,,,,,,,,,        
-77.067595,38.89847,0,0,1413,17.6,,,,,,,,,,,,,,,,,,,,,,,        
-77.067634,38.898369,0,0,1414,17.2,,,,,,,,,,,,,,,,,,,,,,,        
-77.067678,38.898276,0,0,1415,16.2,,,,,,,,,,,,,,,,,,,,,,,        
-77.067727,38.898133,0,0,1416,14.6,,,,,,,,,,,,,,,,,,,,,,,        
-77.067698,38.898016,0,0,1417,13.8,,,,,,,,,,,,,,,,,,,,,,,        
-77.067662,38.89796,0,0,1418,13.6,,,,,,,,,,,,,,,,,,,,,,,        
-77.067571,38.897854,0,0,1419,13.2,,,,,,,,,,,,,,,,,,,,,,,        
-77.067505,38.897737,0,0,1420,13.2,,,,,,,,,,,,,,,,,,,,,,,        
-77.067297,38.897215,0,0,1421,13,,,,,,,,,,,,,,,,,,,,,,,        
-77.067268,38.897149,0,0,1422,12.2,,,,,,,,,,,,,,,,,,,,,,,        
-77.067148,38.896858,0,0,1423,12.2,,,,,,,,,,,,,,,,,,,,,,,        
-77.067142,38.896803,0,0,1424,12.6,,,,,,,,,,,,,,,,,,,,,,,        
-77.067153,38.89675,0,0,1425,13,,,,,,,,,,,,,,,,,,,,,,,        
-77.067188,38.896651,0,0,1426,13.2,,,,,,,,,,,,,,,,,,,,,,,        
-77.067179,38.896543,0,0,1427,13.2,,,,,,,,,,,,,,,,,,,,,,,        
-77.067133,38.896441,0,0,1428,13.2,,,,,,,,,,,,,,,,,,,,,,,        
-77.066917,38.896017,0,0,1429,12,,,,,,,,,,,,,,,,,,,,,,,        
-77.066865,38.895915,0,0,1430,11.6,,,,,,,,,,,,,,,,,,,,,,,        
-77.066659,38.895526,0,0,1431,11.6,,,,,,,,,,,,,,,,,,,,,,,        
-77.066433,38.895196,0,0,1432,11.6,,,,,,,,,,,,,,,,,,,,,,,        
-77.066334,38.895012,0,0,1433,12.8,,,,,,,,,,,,,,,,,,,,,,,        
-77.066305,38.894973,0,0,1434,13.2,,,,,,,,,,,,,,,,,,,,,,,        
-77.066268,38.894935,0,0,1435,13.6,,,,,,,,,,,,,,,,,,,,,,,        
-77.066044,38.894675,0,0,1436,13.6,,,,,,,,,,,,,,,,,,,,,,,        
-77.065974,38.894545,0,0,1437,13.6,,,,,,,,,,,,,,,,,,,,,,,        
-77.065931,38.894463,0,0,1438,13.6,,,,,,,,,,,,,,,,,,,,,,,        
-77.065869,38.894384,0,0,1439,13.4,,,,,,,,,,,,,,,,,,,,,,,        
-77.065769,38.894271,0,0,1440,13.2,,,,,,,,,,,,,,,,,,,,,,,        
-77.065712,38.89415,0,0,1441,13,,,,,,,,,,,,,,,,,,,,,,,        
-77.06551,38.893756,0,0,1442,12.4,,,,,,,,,,,,,,,,,,,,,,,        
-77.065444,38.893623,0,0,1443,12.4,,,,,,,,,,,,,,,,,,,,,,,        
-77.065401,38.893543,0,0,1444,12.2,,,,,,,,,,,,,,,,,,,,,,,        
-77.065324,38.893409,0,0,1445,12.2,,,,,,,,,,,,,,,,,,,,,,,        
-77.065266,38.893298,0,0,1446,12.8,,,,,,,,,,,,,,,,,,,,,,,        
-77.065255,38.893199,0,0,1447,13,,,,,,,,,,,,,,,,,,,,,,,        
-77.065258,38.893099,0,0,1448,12.8,,,,,,,,,,,,,,,,,,,,,,,        
-77.06528,38.893006,0,0,1449,12.6,,,,,,,,,,,,,,,,,,,,,,,        
-77.065284,38.892957,0,0,1450,12.4,,,,,,,,,,,,,,,,,,,,,,,        
-77.065282,38.892862,0,0,1451,12.2,,,,,,,,,,,,,,,,,,,,,,,        
-77.065291,38.892765,0,0,1452,12.4,,,,,,,,,,,,,,,,,,,,,,,        
-77.065287,38.892716,0,0,1453,12.4,,,,,,,,,,,,,,,,,,,,,,,        
-77.065271,38.892575,0,0,1454,12.4,,,,,,,,,,,,,,,,,,,,,,,        
-77.065234,38.892464,0,0,1455,12.6,,,,,,,,,,,,,,,,,,,,,,,        
-77.065108,38.892171,0,0,1456,12.4,,,,,,,,,,,,,,,,,,,,,,,        
-77.065072,38.89209,0,0,1457,12.2,,,,,,,,,,,,,,,,,,,,,,,        
-77.065024,38.891949,0,0,1458,12.2,,,,,,,,,,,,,,,,,,,,,,,        
-77.064984,38.891824,0,0,1459,12.6,,,,,,,,,,,,,,,,,,,,,,,        
-77.064974,38.891782,0,0,1460,12.6,,,,,,,,,,,,,,,,,,,,,,,        
-77.064892,38.891527,0,0,1461,13,,,,,,,,,,,,,,,,,,,,,,,        
-77.064858,38.891391,0,0,1462,12.4,,,,,,,,,,,,,,,,,,,,,,,        
-77.064838,38.891284,0,0,1463,12.2,,,,,,,,,,,,,,,,,,,,,,,        
-77.06478,38.890905,0,0,1464,12,,,,,,,,,,,,,,,,,,,,,,,        
-77.064749,38.89082,0,0,1465,12.2,,,,,,,,,,,,,,,,,,,,,,,        
-77.064698,38.890652,0,0,1466,12.8,,,,,,,,,,,,,,,,,,,,,,,        
-77.064652,38.890576,0,0,1467,13.4,,,,,,,,,,,,,,,,,,,,,,,        
